client_id,date,mcc_new,amount_sol,amount_usd,client_age,merchant_province,merchant_district
XxgXt1gGsxk=,2017-02-05 15:45:25-05,5541,100.0,30.8346,53,LIMA,Magdalena Del Mar
by4Jhi0/BVI=,2017-05-19 13:07:38-05,5541,20.0,6.16692,49,LIMA,Magdalena Del Mar
uY+MrfQgDFU=,2017-01-31 18:31:02-05,5541,80.0,24.66768,48,LIMA,Magdalena Del Mar
oTkd8whgjrI=,2016-11-07 19:26:22-05,5541,100.0,30.8346,48,LIMA,Magdalena Del Mar
bvbaaID5i+g=,2016-12-05 00:57:48-05,5541,20.0,6.16692,48,LIMA,Magdalena Del Mar
azXU+nbY+Fo=,2016-08-17 23:34:29-05,5541,68.39,21.08778294,45,LIMA,Magdalena Del Mar
azXU+nbY+Fo=,2016-08-02 23:44:59-05,5541,62.81,19.36721226,45,LIMA,Magdalena Del Mar
cF8qQEjg7YU=,2016-09-16 04:15:24-05,5541,15.0,4.62519,66,LIMA,Magdalena Del Mar
lbGCWfXG9vc=,2017-05-15 12:26:11-05,5541,15.0,4.62519,46,LIMA,Magdalena Del Mar
wx4P1hGDOhM=,2017-02-03 21:39:13-05,5541,200.0,61.6692,46,LIMA,Magdalena Del Mar
azXU+nbY+Fo=,2016-10-17 23:47:10-05,5541,30.01,9.25346346,45,LIMA,Magdalena Del Mar
azXU+nbY+Fo=,2016-10-25 22:44:49-05,5541,80.94,24.95752524,45,LIMA,Magdalena Del Mar
8zV1KZrdJSk=,2016-08-07 22:10:40-05,5541,7.9,2.4359334,42,LIMA,Magdalena Del Mar
tP8t6jROg5A=,2017-05-30 11:59:14-05,5541,50.0,15.4173,63,LIMA,Magdalena Del Mar
bp4I2cXQ3ls=,2016-11-30 14:19:53-05,5541,260.0,80.16996,50,LIMA,Magdalena Del Mar
mDfh8JmefKs=,2016-12-13 21:28:15-05,5541,46.78,14.42442588,49,LIMA,Magdalena Del Mar
/0LtxU6Hg0o=,2016-12-15 18:43:31-05,5541,40.0,12.33384,40,LIMA,Magdalena Del Mar
tP8t6jROg5A=,2017-03-07 01:09:50-05,5541,100.0,30.8346,63,LIMA,Magdalena Del Mar
by4Jhi0/BVI=,2017-05-15 14:58:42-05,5541,20.0,6.16692,49,LIMA,Magdalena Del Mar
InWJkjC83TY=,2016-07-20 19:42:41-05,5541,20.0,6.16692,47,LIMA,Magdalena Del Mar
3hmmxqcg3qk=,2016-11-07 21:22:09-05,5541,30.0,9.25038,28,LIMA,Magdalena Del Mar
DTbFUKmP+o4=,2017-04-26 11:52:14-05,5541,30.0,9.25038,45,LIMA,Magdalena Del Mar
YznqkBDcxMw=,2017-04-06 16:12:56-05,5541,104.12,32.10498552,0,LIMA,Magdalena Del Mar
/SOC0HL/UDQ=,2017-05-17 16:02:05-05,5541,50.0,15.4173,50,LIMA,Magdalena Del Mar
Jr2av+nzwq4=,2017-03-03 19:48:06-05,5541,20.0,6.16692,27,LIMA,Magdalena Del Mar
g9NTt/omxTs=,2017-01-29 02:27:37-05,5541,122.16,37.66754736,46,LIMA,Magdalena Del Mar
lbGCWfXG9vc=,2017-03-20 13:11:36-05,5541,20.0,6.16692,46,LIMA,Magdalena Del Mar
by4Jhi0/BVI=,2017-05-16 18:48:08-05,5541,20.0,6.16692,49,LIMA,Magdalena Del Mar
887ovo4osPg=,2016-11-09 15:35:11-05,5541,140.01,43.17152346,0,LIMA,Magdalena Del Mar
bvbaaID5i+g=,2016-12-21 12:24:05-05,5541,20.0,6.16692,48,LIMA,Magdalena Del Mar
8zV1KZrdJSk=,2016-10-01 16:43:41-05,5541,9.6,2.9601216,42,LIMA,Magdalena Del Mar
j96CPWxnWRk=,2017-01-03 13:46:53-05,5541,49.55,15.2785443,46,LIMA,Magdalena Del Mar
MB/kxO20FMk=,2017-03-28 18:11:37-05,5541,50.0,15.4173,0,LIMA,Magdalena Del Mar
d6WcBZRTDPE=,2016-12-07 02:51:29-05,5541,15.0,4.62519,53,LIMA,Magdalena Del Mar
GCDk/iRyT6I=,2016-12-22 20:28:55-05,5541,40.0,12.33384,70,LIMA,Magdalena Del Mar
aM2hMDEGZhg=,2016-12-31 19:22:29-05,5541,30.0,9.25038,39,LIMA,Magdalena Del Mar
irrZySj5W+E=,2017-03-09 00:31:01-05,5541,6.9,2.1275874,23,LIMA,Magdalena Del Mar
41FlP/jxK3M=,2016-09-14 19:46:50-05,5541,31.0,9.558726,50,LIMA,Magdalena Del Mar
sTTYsyBklzY=,2017-03-13 18:00:18-05,5541,100.0,30.8346,45,LIMA,Magdalena Del Mar
aM2hMDEGZhg=,2017-01-03 19:32:10-05,5541,30.0,9.25038,39,LIMA,Magdalena Del Mar
szzaHqqzmdQ=,2017-05-08 02:15:21-05,5541,115.0,35.45979,0,LIMA,Magdalena Del Mar
rfPHRrSE/kE=,2017-03-02 17:13:42-05,5541,100.0,30.8346,23,LIMA,Magdalena Del Mar
cHCABmDnIYg=,2016-09-11 20:33:30-05,5541,40.04,12.34617384,26,LIMA,Magdalena Del Mar
SvycE++gMDc=,2016-07-20 04:43:23-05,5541,5.3,1.6342338,71,LIMA,Magdalena Del Mar
y/k+aZCJyuE=,2017-01-30 18:57:42-05,5541,10.0,3.08346,42,LIMA,Magdalena Del Mar
X4OmNIofAWA=,2016-12-13 19:21:06-05,5541,97.51,30.06681846,28,LIMA,Magdalena Del Mar
G96gJPQrT+0=,2017-05-21 02:18:33-05,5541,3.6,1.1100456,28,LIMA,Magdalena Del Mar
41FlP/jxK3M=,2016-07-09 13:42:30-05,5541,39.14,12.06866244,50,LIMA,Magdalena Del Mar
yuWQjx0cjmw=,2016-12-08 22:02:21-05,5541,50.0,15.4173,23,LIMA,Magdalena Del Mar
X+Rp91ps0r0=,2016-06-20 18:29:28-05,5541,2.5,0.770865,25,LIMA,Magdalena Del Mar
Cn1QbJVl6C8=,2016-10-12 15:03:35-05,5541,10.0,3.08346,24,LIMA,Magdalena Del Mar
+GL39HQehgo=,2016-12-11 02:17:18-05,5541,5.0,1.54173,39,LIMA,Magdalena Del Mar
7FLC5/YNmw4=,2016-09-16 20:49:00-05,5541,20.98,6.46909908,28,LIMA,Magdalena Del Mar
hS8ag75Roik=,2017-03-15 21:08:35-05,5541,50.0,15.4173,32,LIMA,Magdalena Del Mar
mXEN/XPeOHI=,2017-01-27 12:10:50-05,5541,7.5,2.312595,28,LIMA,Magdalena Del Mar
fsZ3bCSotPI=,2017-03-02 17:27:00-05,5541,100.05,30.8500173,55,LIMA,Magdalena Del Mar
yQwF/mDkjVA=,2016-07-05 14:11:59-05,5541,64.01,19.73722746,37,LIMA,Magdalena Del Mar
ccjquhKWZ2c=,2016-07-12 01:10:43-05,5541,30.0,9.25038,0,LIMA,Magdalena Del Mar
cyZKK9+5uiQ=,2016-06-25 21:59:04-05,5541,2.2,0.6783612,26,LIMA,Magdalena Del Mar
mbv9XhpoL1g=,2016-06-21 16:54:55-05,5541,2.5,0.770865,59,LIMA,Magdalena Del Mar
LwgXLoYZxAg=,2016-07-29 06:29:13-05,5541,7.5,2.312595,29,LIMA,Magdalena Del Mar
IwxmrBCzsGU=,2017-01-28 17:20:32-05,5541,100.0,30.8346,28,LIMA,Magdalena Del Mar
saXP2heSJUg=,2016-06-24 02:58:38-05,5541,83.1,25.6235526,28,LIMA,Magdalena Del Mar
rne/JvQTUb8=,2016-07-09 18:32:53-05,5541,5.4,1.6650684,26,LIMA,Magdalena Del Mar
74d5Jr2gZMI=,2017-03-22 18:58:38-05,5541,7.0,2.158422,40,LIMA,Magdalena Del Mar
X+Rp91ps0r0=,2016-08-25 18:29:34-05,5541,2.5,0.770865,25,LIMA,Magdalena Del Mar
+2+uUBEtdJk=,2016-07-23 14:16:42-05,5541,7.5,2.312595,24,LIMA,Magdalena Del Mar
59eLzpg4hoo=,2017-04-18 17:58:07-05,5541,30.0,9.25038,52,LIMA,Magdalena Del Mar
xPtCkjuLtqc=,2017-04-06 22:23:46-05,5541,10.0,3.08346,25,LIMA,Magdalena Del Mar
X+Rp91ps0r0=,2016-08-19 21:55:50-05,5541,5.7,1.7575722,25,LIMA,Magdalena Del Mar
XjuKx4PchCE=,2016-12-08 20:57:33-05,5541,3.4,1.0483764,22,LIMA,Magdalena Del Mar
iIbtYKwKOFg=,2017-04-22 18:38:08-05,5541,50.0,15.4173,38,LIMA,Magdalena Del Mar
X+Rp91ps0r0=,2016-10-11 22:26:06-05,5541,50.0,15.4173,25,LIMA,Magdalena Del Mar
X+Rp91ps0r0=,2016-11-14 17:53:46-05,5541,50.0,15.4173,25,LIMA,Magdalena Del Mar
YBO7l/Wdt44=,2016-07-21 18:55:30-05,5541,10.0,3.08346,41,LIMA,Magdalena Del Mar
5vO2lMy5/dk=,2016-07-23 20:05:36-05,5541,3.9,1.2025494,42,LIMA,Magdalena Del Mar
tpIEhCpDN4o=,2016-11-05 14:47:44-05,5541,50.0,15.4173,0,LIMA,Magdalena Del Mar
ynwnu+QmTFQ=,2016-12-17 14:35:22-05,5541,100.0,30.8346,0,LIMA,Magdalena Del Mar
/L6DX7zZkME=,2016-07-07 00:13:06-05,5541,40.0,12.33384,36,LIMA,Magdalena Del Mar
1UIZ4yzFwfo=,2016-08-12 03:51:14-05,5541,7.5,2.312595,29,LIMA,Magdalena Del Mar
yQwF/mDkjVA=,2016-12-12 08:38:47-05,5541,66.97,20.64993162,37,LIMA,Magdalena Del Mar
/L6DX7zZkME=,2017-01-03 20:17:42-05,5541,40.0,12.33384,36,LIMA,Magdalena Del Mar
dOUzXnx2EXg=,2017-01-09 22:16:28-05,5541,20.0,6.16692,26,LIMA,Magdalena Del Mar
o3SpFxPAUBc=,2017-02-06 01:04:56-05,5541,3.5,1.079211,30,LIMA,Magdalena Del Mar
XK+xChQgQzI=,2016-09-01 21:16:48-05,5541,20.0,6.16692,28,LIMA,Magdalena Del Mar
myquU/n7TPQ=,2017-02-19 02:58:37-05,5541,20.0,6.16692,48,LIMA,Magdalena Del Mar
qFbaBjHDrqg=,2016-10-23 20:44:54-05,5541,20.0,6.16692,34,LIMA,Magdalena Del Mar
IZ8qROFs6fQ=,2017-04-07 13:01:59-05,5541,10.0,3.08346,32,LIMA,Magdalena Del Mar
a4c1X+ZtqvQ=,2016-08-27 10:55:38-05,5541,6.5,2.004249,26,LIMA,Magdalena Del Mar
myquU/n7TPQ=,2016-09-30 12:32:25-05,5541,30.0,9.25038,48,LIMA,Magdalena Del Mar
A6vmE5kuXjg=,2017-02-25 19:25:45-05,5541,142.76,44.01947496,30,LIMA,Magdalena Del Mar
yfv/JxBtPqo=,2016-10-19 04:11:21-05,5541,20.0,6.16692,29,LIMA,Magdalena Del Mar
yfv/JxBtPqo=,2016-10-28 01:59:58-05,5541,20.0,6.16692,29,LIMA,Magdalena Del Mar
coYOP9XqDSY=,2016-11-09 16:30:20-05,5541,8.0,2.466768,39,LIMA,Magdalena Del Mar
9KpOQECAuig=,2017-04-21 00:38:51-05,5912,76.4,23.5576344,28,LIMA,San Juan De Miraflor
VMzMe1W6oM0=,2017-02-07 13:46:52-05,5912,3.0,0.925038,19,LIMA,San Juan De Miraflor
XdxPN5uyTmc=,2017-04-19 17:34:29-05,5912,10.5,3.237633,23,LIMA,San Juan De Miraflor
ZCop9ynDIx8=,2016-09-11 02:51:00-05,5541,3.2,0.9867072,26,LIMA,Magdalena Del Mar
m9rm7UwVXUs=,2017-05-24 00:09:05-05,5912,23.2,7.1536272,27,LIMA,San Juan De Miraflor
E7/9j9LEB4E=,2017-05-19 16:06:29-05,5912,14.5,4.471017,0,LIMA,San Juan De Miraflor
/kI0oNnRFoI=,2017-01-09 22:22:28-05,5912,17.6,5.4268896,28,LIMA,San Juan De Miraflor
O7by0OTZATI=,2016-12-03 18:20:40-05,5912,94.9,29.2620354,37,LIMA,San Juan De Miraflor
JEsXA91R8jI=,2016-10-22 23:11:11-05,5912,72.0,22.200912,47,LIMA,San Juan De Miraflor
qSOqNpujWLA=,2016-06-01 16:40:32-05,5912,69.5,21.430047,0,LIMA,San Juan De Miraflor
pgDj9NosTic=,2017-04-29 22:44:57-05,5912,39.3,12.1179978,29,LIMA,San Juan De Miraflor
xqFD3VNdlXs=,2016-07-12 22:09:19-05,5912,90.0,27.75114,44,LIMA,San Juan De Miraflor
qSOqNpujWLA=,2016-06-01 16:40:07-05,5912,5.8,1.7884068,0,LIMA,San Juan De Miraflor
RToW2mI6AEY=,2017-04-07 20:37:22-05,5912,15.0,4.62519,26,LIMA,San Juan De Miraflor
lZIV8+jzGac=,2017-01-25 23:34:16-05,5912,108.0,33.301368,45,LIMA,San Juan De Miraflor
qSOqNpujWLA=,2016-06-01 15:38:33-05,5912,8.7,2.6826102,0,LIMA,San Juan De Miraflor
FVGaDHE9Ru4=,2016-10-01 02:48:58-05,5912,35.4,10.9154484,32,LIMA,San Juan De Miraflor
3vQgTrV1CjU=,2016-06-13 15:07:32-05,5912,19.2,5.9202432,53,LIMA,San Juan De Miraflor
bMdKc5iRWNk=,2017-04-27 00:00:15-05,5912,60.6,18.6857676,30,LIMA,San Juan De Miraflor
rhrEC72968w=,2016-11-26 04:19:54-05,5912,38.2,11.7788172,36,LIMA,San Juan De Miraflor
qmSjQyJ5sJo=,2016-11-08 15:06:22-05,5912,15.0,4.62519,28,LIMA,San Juan De Miraflor
bMdKc5iRWNk=,2017-05-08 23:56:07-05,5912,15.7,4.8410322,30,LIMA,San Juan De Miraflor
s9yiNv1kdY0=,2017-02-02 17:48:20-05,5912,127.4,39.2832804,25,LIMA,San Juan De Miraflor
IeZEOf4c6MM=,2017-02-24 21:58:01-05,7832,25.2,7.7703192,31,LIMA,Santiago De Surco
rhrEC72968w=,2016-09-13 01:57:07-05,5912,74.7,23.0334462,36,LIMA,San Juan De Miraflor
1ORuGtp+4VE=,2016-08-02 00:04:54-05,5912,76.7,23.6501382,29,LIMA,San Juan De Miraflor
lZIV8+jzGac=,2017-04-26 23:57:33-05,5912,239.0,73.694694,45,LIMA,San Juan De Miraflor
r7sF3ywbWzA=,2016-06-16 03:52:41-05,5912,14.8,4.5635208,28,LIMA,San Juan De Miraflor
43AMALPz3N8=,2017-02-07 16:25:24-05,5912,45.4,13.9989084,53,LIMA,San Juan De Miraflor
PKjt+3exUl4=,2016-10-12 21:48:08-05,5912,52.2,16.0956612,38,LIMA,San Juan De Miraflor
SUnzqCZ/DH8=,2016-09-26 16:33:38-05,5912,15.0,4.62519,28,LIMA,San Juan De Miraflor
bMdKc5iRWNk=,2017-03-10 15:59:32-05,5912,6.0,1.850076,30,LIMA,San Juan De Miraflor
9F91tXxi8RA=,2016-09-03 17:18:29-05,5912,50.0,15.4173,44,LIMA,San Juan De Miraflor
/Fr9K0MTpg4=,2016-10-12 22:33:51-05,5912,75.1,23.1567846,42,LIMA,San Juan De Miraflor
Q1/HGFozMY4=,2017-03-28 17:10:01-05,5912,169.1,52.1413086,71,LIMA,San Juan De Miraflor
vbk60KvpJ+Q=,2017-02-21 01:40:40-05,5912,112.8,34.7814288,27,LIMA,San Juan De Miraflor
rHAlNpWSmkY=,2017-02-04 21:57:42-05,5912,54.7,16.8665262,0,LIMA,San Juan De Miraflor
ejZjcc2U0GY=,2017-01-04 14:46:21-05,5912,65.6,20.2274976,26,LIMA,San Juan De Miraflor
09RWiAgKJyY=,2016-11-24 00:27:20-05,5912,43.9,13.5363894,0,LIMA,San Juan De Miraflor
uCUsmZOstgs=,2016-10-15 22:34:11-05,5912,93.8,28.9228548,49,LIMA,San Juan De Miraflor
4XaY7Uk81BM=,2016-09-22 23:58:37-05,5912,10.3,3.1759638,48,LIMA,San Juan De Miraflor
ejZjcc2U0GY=,2017-01-03 18:23:37-05,5912,24.8,7.6469808,26,LIMA,San Juan De Miraflor
rHAlNpWSmkY=,2016-09-26 17:31:19-05,5912,86.6,26.7027636,0,LIMA,San Juan De Miraflor
yKK43W6C7K0=,2017-01-24 21:36:38-05,5912,42.1,12.9813666,32,LIMA,San Juan De Miraflor
xapLhnzPQXk=,2016-09-08 22:08:28-05,5912,71.6,22.0775736,36,LIMA,San Juan De Miraflor
4usvCGgykm8=,2017-04-26 12:11:21-05,5912,6.4,1.9734144,41,LIMA,San Juan De Miraflor
3thq7vJcWFk=,2016-11-28 22:46:22-05,5912,8.0,2.466768,28,LIMA,San Juan De Miraflor
SOabiijQKI4=,2016-09-23 17:10:14-05,5912,146.7,45.2343582,55,LIMA,San Juan De Miraflor
t0ymwjJnzqc=,2016-07-29 20:47:36-05,5912,93.8,28.9228548,75,LIMA,San Juan De Miraflor
WMdZsAOGewM=,2017-02-11 22:10:45-05,5912,50.1,15.4481346,59,LIMA,San Juan De Miraflor
t0ymwjJnzqc=,2016-07-29 20:46:03-05,5912,225.3,69.4703538,75,LIMA,San Juan De Miraflor
7WVP0sGv7rw=,2017-01-31 22:19:11-05,5912,20.2,6.2285892,63,LIMA,San Juan De Miraflor
NjfXjNmcBY4=,2017-05-26 16:12:51-05,5912,28.8,8.8803648,36,LIMA,San Juan De Miraflor
edDBjaUzWyw=,2016-11-29 22:54:17-05,5912,58.3,17.9765718,0,LIMA,San Juan De Miraflor
ELg8unEeudQ=,2016-07-25 04:02:15-05,5912,19.7,6.0744162,36,LIMA,San Juan De Miraflor
IYehUtkv9X8=,2016-06-01 15:37:34-05,5912,44.6,13.7522316,21,LIMA,San Juan De Miraflor
ems91SInehw=,2016-11-05 14:18:03-05,5912,25.4,7.8319884,40,LIMA,San Juan De Miraflor
c2sKdc+0RDM=,2017-02-12 20:35:19-05,5912,14.5,4.471017,36,LIMA,San Juan De Miraflor
W45iAJ/aPFM=,2016-11-14 13:13:57-05,5912,14.5,4.471017,27,LIMA,San Juan De Miraflor
ems91SInehw=,2016-11-05 16:37:20-05,5912,102.6,31.6362996,40,LIMA,San Juan De Miraflor
ems91SInehw=,2016-09-16 15:35:24-05,5912,67.9,20.9366934,40,LIMA,San Juan De Miraflor
7SUCAwG/TQY=,2016-12-14 23:17:31-05,5912,35.8,11.0387868,46,LIMA,San Juan De Miraflor
hE1xLE095UY=,2016-12-11 00:13:57-05,5912,21.0,6.475266,68,LIMA,San Juan De Miraflor
PhXB+ioY1bI=,2016-10-17 21:26:50-05,5912,11.3,3.4843098,58,LIMA,San Juan De Miraflor
tpRc2YAdghs=,2016-09-15 23:08:08-05,5912,97.6,30.0945696,29,LIMA,San Juan De Miraflor
JTM0Ac/S85I=,2017-04-10 17:33:24-05,5912,87.8,27.0727788,62,LIMA,San Juan De Miraflor
Odibch+/16U=,2016-07-27 17:34:32-05,5912,93.5,28.830351,63,LIMA,San Juan De Miraflor
Odibch+/16U=,2016-10-02 12:41:10-05,5912,91.8,28.3061628,63,LIMA,San Juan De Miraflor
OsHPcF30k7Q=,2016-12-30 22:14:43-05,5912,38.2,11.7788172,33,LIMA,San Juan De Miraflor
BNyIlu6sh4U=,2016-12-02 16:26:10-05,5912,7.5,2.312595,35,LIMA,San Juan De Miraflor
kuGy7rHEsY8=,2017-05-31 14:41:51-05,5912,30.3,9.3428838,52,LIMA,San Juan De Miraflor
t2aZurmxVt0=,2017-04-17 00:18:21-05,5912,87.6,27.0111096,58,LIMA,San Juan De Miraflor
7MGZ/CAfuAI=,2017-05-08 15:38:05-05,5912,31.2,9.6203952,0,LIMA,San Juan De Miraflor
sHKWRUknZCA=,2017-01-13 14:44:43-05,5912,9.8,3.0217908,0,LIMA,San Juan De Miraflor
lR7gREFPtXs=,2016-07-13 01:44:39-05,5912,12.1,3.7309866,32,LIMA,San Juan De Miraflor
ELg8unEeudQ=,2016-07-27 03:50:30-05,5912,19.7,6.0744162,36,LIMA,San Juan De Miraflor
svVD+kjI4dA=,2016-12-18 23:43:44-05,5912,30.1,9.2812146,41,LIMA,San Juan De Miraflor
X8lBmJrQYaM=,2017-02-09 14:47:39-05,5912,14.3,4.4093478,32,LIMA,San Juan De Miraflor
23SAcEitULQ=,2016-12-26 21:17:44-05,5912,11.7,3.6076482,29,LIMA,San Juan De Miraflor
NoI68xhlApQ=,2017-03-20 22:37:10-05,5912,22.9,7.0611234,66,LIMA,San Juan De Miraflor
+W2k+JAHxak=,2017-02-09 16:00:53-05,5211,2264.05,698.1107613,47,LIMA,San Juan De Miraflor
OOzjCSV4INE=,2016-11-09 00:58:38-05,5211,600.0,185.0076,35,LIMA,San Juan De Miraflor
oExQ/oYLteo=,2017-01-12 19:32:47-05,5211,175.23,54.03146958,36,LIMA,San Juan De Miraflor
OgefIJPdgWs=,2017-03-11 17:36:39-05,5211,105.64,32.57367144,36,LIMA,San Juan De Miraflor
cdbt0pCORiE=,2017-01-28 19:20:13-05,5211,329.0,101.445834,42,LIMA,San Juan De Miraflor
2r9VL4Sess0=,2017-05-31 16:43:53-05,5211,895.0,275.96967,64,LIMA,San Juan De Miraflor
K5kzrzux4yo=,2017-02-21 00:16:14-05,5211,2368.5,730.317501,0,LIMA,San Juan De Miraflor
IhL6L423AUM=,2016-09-10 00:52:45-05,5211,389.84,120.20560464,51,LIMA,San Juan De Miraflor
GydMfd5ZJMk=,2017-03-04 16:03:44-05,5211,243.56,75.10075176,44,LIMA,San Juan De Miraflor
YS3IGcN1eSs=,2016-06-26 16:50:45-05,5211,884.48,272.72587008,61,LIMA,San Juan De Miraflor
vUD0IcBtJpQ=,2017-01-02 17:27:17-05,5211,668.2,206.0367972,0,LIMA,San Juan De Miraflor
oExQ/oYLteo=,2016-12-06 17:01:09-05,5211,2915.91,899.10918486,36,LIMA,San Juan De Miraflor
swU9nDslPYU=,2017-05-04 00:01:59-05,5211,449.9,138.7248654,49,LIMA,San Juan De Miraflor
K5kzrzux4yo=,2017-04-27 00:46:30-05,5211,1731.33,533.84868018,0,LIMA,San Juan De Miraflor
vUD0IcBtJpQ=,2017-02-08 23:07:16-05,5211,7114.87,2193.84170502,0,LIMA,San Juan De Miraflor
vUD0IcBtJpQ=,2017-02-22 16:40:50-05,5211,1557.26,480.17489196,0,LIMA,San Juan De Miraflor
6Ndl41OH2TA=,2016-11-17 19:57:46-05,5211,759.06,234.05311476,45,LIMA,San Juan De Miraflor
tYoxOUFQYmU=,2017-01-29 15:25:44-05,5211,183.33,56.52907218,0,LIMA,San Juan De Miraflor
Rbb7KDGGoEk=,2016-07-21 20:46:21-05,5211,114.0,35.151444,0,LIMA,San Juan De Miraflor
9YgrkV00P+k=,2016-06-20 14:50:57-05,5211,554.95,171.1166127,50,LIMA,San Juan De Miraflor
OgefIJPdgWs=,2017-03-11 18:07:04-05,5211,424.39,130.85895894,36,LIMA,San Juan De Miraflor
kr8oD5BxQDo=,2016-09-02 23:05:04-05,5211,525.99,162.18691254,46,LIMA,San Juan De Miraflor
QF2xAr3/RfU=,2017-01-16 23:09:12-05,5211,148.84,45.89421864,28,LIMA,San Juan De Miraflor
+GHEqwTRCFk=,2016-12-05 16:04:13-05,5211,112.9,34.8122634,39,LIMA,San Juan De Miraflor
Q+u7FF2816o=,2016-07-23 18:59:53-05,5211,156.23,48.17289558,37,LIMA,San Juan De Miraflor
QF2xAr3/RfU=,2017-01-08 16:18:58-05,5211,2838.86,875.35112556,28,LIMA,San Juan De Miraflor
Gw3DB0f8mgc=,2016-09-11 19:37:55-05,5211,181.95,56.1035547,46,LIMA,San Juan De Miraflor
uLQBN7lHzLs=,2016-09-22 17:22:15-05,5211,900.0,277.5114,65,LIMA,San Juan De Miraflor
GRS0qaN8BAg=,2016-07-13 16:48:19-05,5211,84.9,26.1785754,32,LIMA,San Juan De Miraflor
Lm65phR/OHc=,2017-05-30 15:41:28-05,5211,151.2,46.6219152,0,LIMA,San Juan De Miraflor
04C2w66tkQU=,2016-07-16 17:32:13-05,5211,715.0,220.46739,0,LIMA,San Juan De Miraflor
vUD0IcBtJpQ=,2017-01-05 14:56:56-05,5211,126.25,38.9286825,0,LIMA,San Juan De Miraflor
QkK9/9pFA3s=,2017-02-10 21:16:37-05,5211,303.5,93.583011,56,LIMA,San Juan De Miraflor
g6Dpd4hKHeQ=,2016-07-13 00:54:10-05,5211,1411.39,435.19646094,33,LIMA,San Juan De Miraflor
YS3IGcN1eSs=,2016-07-05 19:58:13-05,5211,171.07,52.74875022,61,LIMA,San Juan De Miraflor
TcMw8KkTo1E=,2017-04-13 20:59:49-05,5211,1433.69,442.07257674,58,LIMA,San Juan De Miraflor
FJL5EmERfR4=,2016-12-01 16:58:47-05,5211,1620.44,499.65619224,67,LIMA,San Juan De Miraflor
6rwawCbgZAM=,2017-05-07 22:33:45-05,5211,14280.71,4403.39980566,55,LIMA,San Juan De Miraflor
vtrOPWiuvoM=,2017-03-08 15:19:18-05,5211,1684.97,519.55375962,0,LIMA,San Juan De Miraflor
K5kzrzux4yo=,2017-03-31 23:46:39-05,5211,514.27,158.57309742,0,LIMA,San Juan De Miraflor
xY9HDPVROBY=,2016-12-21 14:40:42-05,5211,594.7,183.3733662,53,LIMA,San Juan De Miraflor
oFWh22vfgCI=,2017-03-16 17:38:31-05,5211,393.91,121.46057286,58,LIMA,San Juan De Miraflor
CEb///cTE4I=,2016-11-17 23:27:32-05,5211,2751.76,848.49418896,0,LIMA,San Juan De Miraflor
/Gq67Qcoo8o=,2016-06-01 16:59:57-05,5211,9760.04,3009.46929384,0,LIMA,San Juan De Miraflor
SAVc5zQUjEc=,2017-02-07 21:18:41-05,5211,52.54,16.20049884,46,LIMA,San Juan De Miraflor
wAOoIJ0KqBs=,2016-10-09 00:06:38-05,5211,15.0,4.62519,39,LIMA,San Juan De Miraflor
JmoLqApGv8A=,2016-10-20 01:58:09-05,5211,796.8,245.6900928,37,LIMA,San Juan De Miraflor
bfG2eyoTv7M=,2016-12-12 01:16:12-05,5211,505.61,155.90282106,0,LIMA,San Juan De Miraflor
HVly+ZHGEAk=,2016-08-09 18:54:05-05,5211,1124.66,346.78441236,49,LIMA,San Juan De Miraflor
Q+u7FF2816o=,2016-06-26 23:40:02-05,5211,1987.82,612.93634572,37,LIMA,San Juan De Miraflor
iuIT6Qx6XEA=,2017-05-27 23:33:00-05,5211,710.52,219.08599992,38,LIMA,San Juan De Miraflor
bfG2eyoTv7M=,2017-01-12 22:42:06-05,5211,1936.61,597.14594706,0,LIMA,San Juan De Miraflor
HVly+ZHGEAk=,2016-07-17 18:31:06-05,5211,1704.74,525.64976004,49,LIMA,San Juan De Miraflor
YRPbFNvbnNs=,2016-09-18 19:06:15-05,5211,617.67,190.45607382,33,LIMA,San Juan De Miraflor
ZMhYBLJGh9g=,2017-02-05 20:12:53-05,5211,1221.08,376.51513368,43,LIMA,San Juan De Miraflor
bfG2eyoTv7M=,2016-12-09 16:09:36-05,5211,291.64,89.92602744,0,LIMA,San Juan De Miraflor
HVly+ZHGEAk=,2016-07-25 01:26:37-05,5211,415.47,128.10851262,49,LIMA,San Juan De Miraflor
yfuwyKlZKCs=,2016-10-02 23:20:21-05,5211,120.89,37.27594794,64,LIMA,San Juan De Miraflor
FwhlIiq9org=,2016-06-17 19:18:42-05,5211,3948.74,1217.57818404,0,LIMA,San Juan De Miraflor
HVly+ZHGEAk=,2016-08-09 18:59:17-05,5211,683.0,210.600318,49,LIMA,San Juan De Miraflor
ZeoSV7df1uY=,2016-08-27 20:32:48-05,5211,1962.48,605.12285808,57,LIMA,San Juan De Miraflor
+9zWvGt/SgM=,2017-04-25 18:06:14-05,5211,72.0,22.200912,55,LIMA,San Juan De Miraflor
sttZcKf4wr4=,2017-04-15 23:39:02-05,5211,299.34,92.30029164,43,LIMA,San Juan De Miraflor
bfG2eyoTv7M=,2016-12-30 17:32:33-05,5211,119.19,36.75175974,0,LIMA,San Juan De Miraflor
2TrmGhNPZ78=,2016-12-04 17:06:30-05,5211,66.22,20.41867212,35,LIMA,San Juan De Miraflor
saZ6rnWGiHo=,2016-07-04 13:10:12-05,5211,255.16,78.67756536,44,LIMA,San Juan De Miraflor
HVly+ZHGEAk=,2016-10-06 16:40:51-05,5211,921.7,284.2025082,49,LIMA,San Juan De Miraflor
+MCToTItqdg=,2017-05-13 22:10:28-05,5211,564.08,173.93181168,39,LIMA,San Juan De Miraflor
6rPHIYySjQE=,2016-10-23 19:04:17-05,5211,128.86,39.73346556,65,LIMA,San Juan De Miraflor
F6nKzUJkDYA=,2016-12-06 23:51:41-05,5211,467.91,144.27817686,35,LIMA,San Juan De Miraflor
qPo0oQxpApU=,2017-01-04 21:36:35-05,5211,4494.56,1385.87959776,0,LIMA,San Juan De Miraflor
TPMpcQt/pfY=,2016-08-30 23:04:15-05,5211,667.63,205.86103998,39,LIMA,San Juan De Miraflor
MBEJD/WRU6w=,2016-12-23 15:29:45-05,5211,198.2,61.1141772,35,LIMA,San Juan De Miraflor
moFPtIQ377w=,2016-12-20 19:45:35-05,5211,1039.2,320.4331632,64,LIMA,San Juan De Miraflor
wAOoIJ0KqBs=,2016-10-18 01:01:12-05,5211,769.7,237.3339162,39,LIMA,San Juan De Miraflor
rklhSztixmw=,2017-05-29 20:17:58-05,5211,49.8,15.3556308,45,LIMA,San Juan De Miraflor
M/OEwB6utvU=,2016-10-01 01:30:28-05,5541,50.0,15.4173,40,LIMA,Magdalena Del Mar
FU8PnUKqf08=,2017-05-19 01:15:40-05,5541,20.0,6.16692,0,LIMA,Magdalena Del Mar
T/1Unj+hSFY=,2016-09-21 12:46:15-05,5541,10.0,3.08346,47,LIMA,Magdalena Del Mar
7F6ZKAPesrk=,2017-02-20 04:39:12-05,5541,7.5,2.312595,36,LIMA,Magdalena Del Mar
wPNpUTeiloc=,2017-04-30 19:52:31-05,5541,10.0,3.08346,27,LIMA,Magdalena Del Mar
fK41RP7RWes=,2017-01-28 19:57:19-05,5541,75.0,23.12595,31,LIMA,Magdalena Del Mar
w8a4I+ASfvE=,2016-11-03 15:38:57-05,5541,18.0,5.550228,34,LIMA,Magdalena Del Mar
TnZ5Z9gc1m4=,2016-12-19 21:59:59-05,5541,30.0,9.25038,0,LIMA,Magdalena Del Mar
O9Htdz/qtJc=,2017-01-22 23:07:42-05,5541,10.0,3.08346,23,LIMA,Magdalena Del Mar
knaD2Ogiz/s=,2016-08-09 16:36:17-05,5541,6.6,2.0350836,45,LIMA,Magdalena Del Mar
nfkDZKAahQE=,2017-03-11 04:15:46-05,5541,30.0,9.25038,34,LIMA,Magdalena Del Mar
vpl9L7JZUiU=,2016-07-22 06:12:16-05,5541,20.0,6.16692,29,LIMA,Magdalena Del Mar
O9Htdz/qtJc=,2017-01-22 19:10:34-05,5541,10.0,3.08346,23,LIMA,Magdalena Del Mar
A6vmE5kuXjg=,2016-11-12 02:35:27-05,5541,22.02,6.78977892,30,LIMA,Magdalena Del Mar
N6I8Aotjgl4=,2016-07-25 15:13:56-05,5541,44.5,13.721397,46,LIMA,Magdalena Del Mar
Xsmzn/wfkDI=,2017-05-06 01:06:43-05,5541,92.02,28.37399892,30,LIMA,Magdalena Del Mar
O9Htdz/qtJc=,2016-08-31 21:46:25-05,5541,21.5,6.629439,23,LIMA,Magdalena Del Mar
jMkByc6o2+s=,2016-10-25 13:12:19-05,5541,163.14,50.30356644,0,LIMA,Magdalena Del Mar
OOk7BaYzfb0=,2017-05-22 12:44:38-05,5541,15.0,4.62519,31,LIMA,Magdalena Del Mar
YZ91A39nDsM=,2017-03-23 14:21:57-05,5541,1.9,0.5858574,36,LIMA,Magdalena Del Mar
EkLwNwCeW5o=,2017-03-10 04:27:47-05,5541,2.6,0.8016996,32,LIMA,Magdalena Del Mar
xmaahqU0/RE=,2017-05-28 04:10:02-05,5541,9.5,2.929287,29,LIMA,Magdalena Del Mar
4sizZLApGFM=,2016-11-07 17:22:38-05,5541,40.0,12.33384,51,LIMA,Magdalena Del Mar
RSC3q3fsFEU=,2016-09-04 21:17:22-05,5541,10.0,3.08346,26,LIMA,Magdalena Del Mar
l9BCxqn7T9M=,2017-04-01 20:41:28-05,5541,50.0,15.4173,30,LIMA,Magdalena Del Mar
lMJB5VVlQn4=,2016-07-28 02:23:54-05,5541,9.0,2.775114,35,LIMA,Magdalena Del Mar
LSTKPxvVtzo=,2017-04-11 12:07:43-05,5541,5.1,1.5725646,47,LIMA,Magdalena Del Mar
b2VT20rV5sA=,2016-08-05 04:27:16-05,5541,30.0,9.25038,32,LIMA,Magdalena Del Mar
QiVQaNdaG5c=,2017-02-10 23:18:33-05,5541,4.5,1.387557,35,LIMA,Magdalena Del Mar
YZ91A39nDsM=,2017-03-23 20:10:26-05,5541,1.4,0.4316844,36,LIMA,Magdalena Del Mar
N8whQ2lipQ8=,2016-08-14 17:25:30-05,5541,3.8,1.1717148,26,LIMA,Magdalena Del Mar
c2A+3JtTZ9w=,2016-06-12 06:20:00-05,5541,5.9,1.8192414,24,LIMA,Magdalena Del Mar
axmFMb5a/p0=,2017-01-18 13:23:11-05,5541,50.0,15.4173,33,LIMA,Magdalena Del Mar
YL586p0MbJA=,2016-12-08 16:44:37-05,5541,6.0,1.850076,31,LIMA,Magdalena Del Mar
j1suslgvc5k=,2016-08-11 12:21:31-05,5541,30.0,9.25038,32,LIMA,Magdalena Del Mar
T/1Unj+hSFY=,2016-09-21 12:55:48-05,5541,10.0,3.08346,47,LIMA,Magdalena Del Mar
b2VT20rV5sA=,2017-01-15 15:46:50-05,5541,10.0,3.08346,32,LIMA,Magdalena Del Mar
EBUcAaEX+60=,2017-02-27 15:01:09-05,5541,15.0,4.62519,31,LIMA,Magdalena Del Mar
RZTO3soZ8kE=,2017-05-23 00:16:24-05,5541,6.5,2.004249,27,LIMA,Magdalena Del Mar
TZUP/A/Gr/o=,2017-04-28 23:18:02-05,5541,30.0,9.25038,33,LIMA,Magdalena Del Mar
OSRdddX2lPs=,2016-09-19 22:09:47-05,5541,20.0,6.16692,24,LIMA,Magdalena Del Mar
N6I8Aotjgl4=,2016-10-26 16:10:25-05,5541,50.01,15.42038346,46,LIMA,Magdalena Del Mar
4sizZLApGFM=,2017-05-17 19:07:36-05,5541,30.0,9.25038,51,LIMA,Magdalena Del Mar
AhOyhzuQdHk=,2016-07-08 09:57:19-05,5541,10.0,3.08346,0,LIMA,Magdalena Del Mar
tX4Kp9cPC+c=,2016-06-15 08:11:35-05,5541,20.0,6.16692,39,LIMA,Magdalena Del Mar
ka36wV81CAw=,2017-04-18 23:00:07-05,5541,15.0,4.62519,29,LIMA,Magdalena Del Mar
4ojjYWt7B+E=,2016-07-19 21:57:10-05,5541,20.0,6.16692,26,LIMA,Magdalena Del Mar
U9Tms33TJ1A=,2017-04-05 15:29:11-05,5541,20.0,6.16692,39,LIMA,Magdalena Del Mar
RZTO3soZ8kE=,2017-05-05 23:34:57-05,5541,10.1,3.1142946,27,LIMA,Magdalena Del Mar
4ojjYWt7B+E=,2016-11-24 21:42:23-05,5541,20.0,6.16692,26,LIMA,Magdalena Del Mar
anP1wbp8p+M=,2017-05-20 13:38:39-05,5541,100.0,30.8346,28,LIMA,Magdalena Del Mar
4psdFM/cRjk=,2016-09-26 20:31:36-05,5541,2.5,0.770865,37,LIMA,Magdalena Del Mar
bf45XUZqyK0=,2016-07-28 17:35:17-05,5541,20.0,6.16692,27,LIMA,Magdalena Del Mar
j1suslgvc5k=,2016-08-26 12:13:14-05,5541,10.0,3.08346,32,LIMA,Magdalena Del Mar
CqgMmfTBhx0=,2016-07-23 09:25:04-05,5541,23.3,7.1844618,32,LIMA,Magdalena Del Mar
DsgclTf7R+U=,2016-09-10 02:25:14-05,5541,142.2,43.8468012,40,LIMA,Magdalena Del Mar
EXeHPo9ICs8=,2016-10-25 00:59:48-05,5541,20.0,6.16692,33,LIMA,Magdalena Del Mar
33hlCamBbyQ=,2016-10-31 19:02:45-05,5541,159.65,49.2274389,33,LIMA,Magdalena Del Mar
DsgclTf7R+U=,2016-11-29 13:32:21-05,5541,151.96,46.85625816,40,LIMA,Magdalena Del Mar
93BqgAp+WZU=,2017-03-24 21:18:41-05,5541,3.4,1.0483764,54,LIMA,Magdalena Del Mar
G4ZuJ82i9h8=,2017-02-19 18:19:00-05,5541,100.0,30.8346,0,LIMA,Magdalena Del Mar
OOiPC8ymR5k=,2016-06-02 17:56:43-05,5541,30.21,9.31513266,48,LIMA,Magdalena Del Mar
yGBf7xPnyg8=,2017-01-25 03:48:02-05,5541,40.0,12.33384,35,LIMA,Magdalena Del Mar
fEaru+U3cNY=,2016-06-07 21:24:45-05,5541,30.0,9.25038,32,LIMA,Magdalena Del Mar
bxZ0vgFiras=,2017-04-04 01:55:32-05,5541,20.0,6.16692,34,LIMA,Magdalena Del Mar
omUiGaABflQ=,2016-09-29 19:27:34-05,5541,7.5,2.312595,36,LIMA,Magdalena Del Mar
uFy04QWP3Vk=,2017-04-15 19:11:55-05,5541,26.76,8.25133896,46,LIMA,Magdalena Del Mar
fEaru+U3cNY=,2016-10-13 22:29:00-05,5541,33.63,10.36967598,32,LIMA,Magdalena Del Mar
2kZkygfP6s8=,2016-07-14 12:21:11-05,5541,30.0,9.25038,48,LIMA,Magdalena Del Mar
ismrzZpgEMY=,2017-01-10 14:43:20-05,5541,40.0,12.33384,60,LIMA,Magdalena Del Mar
IvAgFtuF2Zc=,2016-08-30 02:28:19-05,5541,10.0,3.08346,29,LIMA,Magdalena Del Mar
2MtySPbyVho=,2016-09-20 12:55:30-05,5541,22.0,6.783612,32,LIMA,Magdalena Del Mar
WnkALhRghn4=,2017-04-22 02:20:29-05,5541,40.0,12.33384,38,LIMA,Magdalena Del Mar
ismrzZpgEMY=,2017-02-23 01:03:52-05,5541,60.0,18.50076,60,LIMA,Magdalena Del Mar
OOiPC8ymR5k=,2016-11-22 12:52:53-05,5541,15.0,4.62519,48,LIMA,Magdalena Del Mar
i1qaKArguLo=,2016-07-22 13:54:47-05,5541,60.0,18.50076,35,LIMA,Magdalena Del Mar
KJyb1xC0xjY=,2016-10-13 18:22:56-05,5541,50.0,15.4173,34,LIMA,Magdalena Del Mar
fEaru+U3cNY=,2016-09-10 22:51:02-05,5541,23.02,7.09812492,32,LIMA,Magdalena Del Mar
BRMgUnMTPtk=,2016-08-03 23:57:57-05,5541,50.0,15.4173,28,LIMA,Magdalena Del Mar
shOeoZSLzcU=,2017-05-28 13:18:38-05,5541,70.0,21.58422,45,LIMA,Magdalena Del Mar
VRNulLqBChM=,2017-05-19 23:11:08-05,5541,3.6,1.1100456,30,LIMA,Magdalena Del Mar
fEaru+U3cNY=,2017-05-16 17:28:23-05,5541,40.02,12.34000692,32,LIMA,Magdalena Del Mar
/fAOlakfqh0=,2016-06-24 14:27:04-05,5541,9.1,2.8059486,28,LIMA,Magdalena Del Mar
OOiPC8ymR5k=,2016-08-12 12:45:06-05,5541,10.0,3.08346,48,LIMA,Magdalena Del Mar
3NerpMBxR1M=,2016-07-20 15:18:11-05,5541,120.29,37.09094034,0,LIMA,Magdalena Del Mar
/wIUxzgQ9Vo=,2016-09-01 02:15:42-05,5541,6.5,2.004249,40,LIMA,Magdalena Del Mar
eFUNoPqswKg=,2016-09-07 20:26:09-05,5541,20.0,6.16692,0,LIMA,Magdalena Del Mar
fEaru+U3cNY=,2016-12-22 16:12:47-05,5541,25.42,7.83815532,32,LIMA,Magdalena Del Mar
G6zRBdP9AJc=,2016-12-10 15:36:43-05,5541,30.0,9.25038,0,LIMA,Magdalena Del Mar
i1qaKArguLo=,2016-07-04 12:56:40-05,5541,50.0,15.4173,35,LIMA,Magdalena Del Mar
EEKNQcNkcCY=,2017-05-21 02:38:46-05,5541,11.5,3.545979,23,LIMA,Magdalena Del Mar
fEaru+U3cNY=,2017-04-21 01:17:22-05,5541,50.0,15.4173,32,LIMA,Magdalena Del Mar
uleGfBcS6+g=,2017-04-28 00:21:16-05,5541,135.0,41.62671,0,LIMA,Magdalena Del Mar
X8lBmJrQYaM=,2017-02-01 16:11:57-05,5912,159.4,49.1503524,32,LIMA,San Juan De Miraflor
+k4JqjO9n6E=,2016-09-22 20:17:42-05,5912,17.4,5.3652204,38,LIMA,San Juan De Miraflor
uleGfBcS6+g=,2017-03-31 19:17:06-05,5541,139.48,43.00810008,0,LIMA,Magdalena Del Mar
XTGeI5SWf6E=,2017-01-28 18:33:00-05,5912,32.5,10.021245,24,LIMA,San Juan De Miraflor
iJ0a3tnDlII=,2017-01-15 13:43:57-05,5912,14.5,4.471017,23,LIMA,San Juan De Miraflor
ABKTh/Zdreo=,2016-09-03 00:40:48-05,5912,14.7,4.5326862,29,LIMA,San Juan De Miraflor
vgOEoZXswAY=,2016-12-20 02:25:50-05,5912,23.0,7.091958,35,LIMA,San Juan De Miraflor
CRYY+h3Gkks=,2016-09-20 00:51:56-05,5912,7.2,2.2200912,25,LIMA,San Juan De Miraflor
MuHx/vuwLjI=,2016-06-22 22:27:40-05,5912,40.0,12.33384,26,LIMA,San Juan De Miraflor
f2tJxtBHSnA=,2016-11-26 13:14:21-05,5912,28.2,8.6953572,42,LIMA,San Juan De Miraflor
NGWW4Qwk7cE=,2016-11-21 16:53:28-05,5912,15.0,4.62519,28,LIMA,San Juan De Miraflor
fAz7Sx6KfTI=,2016-06-29 18:59:36-05,5912,40.2,12.3955092,26,LIMA,San Juan De Miraflor
zdo1xCuJU/A=,2016-10-26 13:58:24-05,5912,38.7,11.9329902,37,LIMA,San Juan De Miraflor
u+wXcNRsaaE=,2017-03-27 22:48:28-05,5912,22.4,6.9069504,34,LIMA,San Juan De Miraflor
20C7byeZdXQ=,2016-09-24 21:34:22-05,5912,23.3,7.1844618,36,LIMA,San Juan De Miraflor
/QL17anuv4I=,2016-11-17 15:37:05-05,5912,74.4,22.9409424,62,LIMA,San Juan De Miraflor
TuBvWjJ7+X0=,2017-04-10 17:10:40-05,5912,57.7,17.7915642,28,LIMA,San Juan De Miraflor
EuQtesUZNk8=,2016-08-20 22:30:06-05,5912,94.0,28.984524,49,LIMA,San Juan De Miraflor
skzwVuoeEEs=,2017-02-24 02:11:49-05,5912,13.2,4.0701672,50,LIMA,San Juan De Miraflor
L1ZV4DE1uiA=,2017-05-12 18:39:15-05,5912,140.7,43.3842822,33,LIMA,San Juan De Miraflor
e5VuOUKY0pU=,2016-07-21 15:12:37-05,5912,28.5,8.787861,24,LIMA,San Juan De Miraflor
rW8MQJNP98Q=,2017-04-04 20:24:19-05,5912,15.0,4.62519,25,LIMA,San Juan De Miraflor
knQA5xvKdIk=,2017-03-17 23:08:43-05,5912,12.0,3.700152,0,LIMA,San Juan De Miraflor
w94wiQrN3hQ=,2016-06-30 21:06:12-05,5912,19.0,5.858574,42,LIMA,San Juan De Miraflor
HFWQCaJBXl0=,2016-09-07 03:23:44-05,5912,68.4,21.0908664,31,LIMA,San Juan De Miraflor
ZLY5Ai1I5iA=,2016-12-30 14:17:06-05,5912,24.0,7.400304,0,LIMA,San Juan De Miraflor
mcaQvtrR2z8=,2016-11-29 22:34:13-05,5912,20.5,6.321093,24,LIMA,San Juan De Miraflor
XEgmTPlQJaI=,2017-01-27 16:55:08-05,5912,22.2,6.8452812,0,LIMA,San Juan De Miraflor
ZxwGkzjr0qU=,2016-11-03 16:56:04-05,5912,41.1,12.6730206,40,LIMA,San Juan De Miraflor
A26/2Fj6l38=,2016-07-25 22:42:09-05,5912,34.7,10.6996062,24,LIMA,San Juan De Miraflor
AehWICxNtfo=,2017-02-20 20:18:52-05,5912,23.8,7.3386348,27,LIMA,San Juan De Miraflor
3z5rIpbViRA=,2017-04-14 01:05:37-05,5912,23.4,7.2152964,26,LIMA,San Juan De Miraflor
g5tO2Skz8sQ=,2017-01-18 02:31:28-05,5912,23.0,7.091958,34,LIMA,San Juan De Miraflor
Ix8LxlmHHfI=,2016-12-31 23:12:19-05,5912,8.4,2.5901064,35,LIMA,San Juan De Miraflor
fMSF6dkRZZ4=,2016-08-11 23:45:14-05,5912,27.0,8.325342,29,LIMA,San Juan De Miraflor
1lSvRWI1Cmk=,2017-01-11 03:41:10-05,5912,7.5,2.312595,0,LIMA,San Juan De Miraflor
gVfe5+Jvt68=,2016-12-31 01:17:14-05,5912,75.6,23.3109576,22,LIMA,San Juan De Miraflor
Ix8LxlmHHfI=,2016-12-30 21:04:48-05,5912,10.5,3.237633,35,LIMA,San Juan De Miraflor
89UW20jUkK4=,2016-09-20 19:15:51-05,5912,65.0,20.04249,28,LIMA,San Juan De Miraflor
BnlNRF7t7Ng=,2016-08-09 03:27:14-05,5912,57.0,17.575722,36,LIMA,San Juan De Miraflor
PLlpPRsOIOY=,2016-10-27 17:50:55-05,5912,54.2,16.7123532,27,LIMA,San Juan De Miraflor
UUAp6nCudq0=,2016-08-05 17:42:16-05,5912,30.0,9.25038,39,LIMA,San Juan De Miraflor
kMMJzfu/Wuw=,2016-11-15 13:03:47-05,5912,7.5,2.312595,20,LIMA,San Juan De Miraflor
/aXZNWQxZAQ=,2016-09-20 16:30:29-05,5912,29.5,9.096207,42,LIMA,San Juan De Miraflor
FBYKvT66K4g=,2016-12-17 17:33:03-05,5912,19.2,5.9202432,34,LIMA,San Juan De Miraflor
caFlRR43wEU=,2016-07-26 22:45:43-05,5912,13.5,4.162671,67,LIMA,San Juan De Miraflor
yI2/k51Pu6w=,2016-12-27 17:22:51-05,5912,79.7,24.5751762,33,LIMA,San Juan De Miraflor
I5zJNUXpPiE=,2016-12-10 02:01:26-05,5912,11.6,3.5768136,36,LIMA,San Juan De Miraflor
vRM+z4klaKs=,2016-09-16 20:14:14-05,5912,16.0,4.933536,30,LIMA,San Juan De Miraflor
sRtnLiJaSSs=,2016-09-03 22:37:36-05,5912,19.8,6.1052508,29,LIMA,San Juan De Miraflor
s1yJQ78pJTM=,2016-08-03 23:22:16-05,5912,38.2,11.7788172,28,LIMA,San Juan De Miraflor
bIMVkc1Zx10=,2016-08-01 23:32:27-05,5912,92.2,28.4295012,25,LIMA,San Juan De Miraflor
9SXkp0t45IA=,2016-06-01 03:41:57-05,5912,14.0,4.316844,25,LIMA,San Juan De Miraflor
g7CK2pJSAP8=,2017-01-23 00:44:53-05,5912,34.5,10.637937,56,LIMA,San Juan De Miraflor
mIAt/qDRcOQ=,2017-02-06 18:32:40-05,5912,14.8,4.5635208,38,LIMA,San Juan De Miraflor
JFdTX1RFSDs=,2016-07-09 00:55:18-05,5912,32.2,9.9287412,41,LIMA,San Juan De Miraflor
OgP5o/fZi0o=,2016-10-05 14:27:20-05,5912,49.5,15.263127,54,LIMA,San Juan De Miraflor
op5lfwEsy2U=,2017-03-06 23:46:22-05,5912,2.0,0.616692,21,LIMA,San Juan De Miraflor
4wZL3ZCGFQA=,2016-09-25 03:15:15-05,5912,14.5,4.471017,63,LIMA,San Juan De Miraflor
evP4zcPtDWk=,2016-12-23 17:34:45-05,5912,32.6,10.0520796,30,LIMA,San Juan De Miraflor
SOmKIz4hhzc=,2016-09-23 18:05:30-05,5912,6.8,2.0967528,29,LIMA,San Juan De Miraflor
pRYMBNhLczc=,2017-05-27 02:26:18-05,5912,22.4,6.9069504,28,LIMA,San Juan De Miraflor
mnkH/61V0Gs=,2017-04-06 16:18:10-05,5912,45.4,13.9989084,71,LIMA,San Juan De Miraflor
DvDQhQ8mANQ=,2016-09-29 00:12:34-05,5912,41.0,12.642186,49,LIMA,San Juan De Miraflor
b/sofaNZM6Y=,2016-07-13 13:47:07-05,5912,53.2,16.4040072,39,LIMA,San Juan De Miraflor
3FSWy7UJchM=,2016-08-02 22:50:25-05,5912,5.7,1.7575722,33,LIMA,San Juan De Miraflor
q0rqOjgIAqg=,2016-12-17 22:16:17-05,5912,122.5,37.772385,31,LIMA,San Juan De Miraflor
UzGcaMQdny4=,2016-07-08 00:00:48-05,5912,23.8,7.3386348,36,LIMA,San Juan De Miraflor
Gi/c+2uwbkk=,2017-03-03 22:23:10-05,5912,4.5,1.387557,0,LIMA,San Juan De Miraflor
YpzRx2iV9+s=,2016-08-01 15:44:24-05,5912,6.5,2.004249,31,LIMA,San Juan De Miraflor
ilWv9gyRl8c=,2017-05-25 00:24:53-05,5912,112.3,34.6272558,38,LIMA,San Juan De Miraflor
E6AsN33euis=,2016-07-23 02:04:00-05,5912,12.5,3.854325,49,LIMA,San Juan De Miraflor
uUqluoRwkzI=,2016-12-03 15:38:53-05,5912,104.7,32.2838262,44,LIMA,San Juan De Miraflor
/m4tAeDUaD4=,2016-09-23 14:04:48-05,5912,80.9,24.9451914,0,LIMA,San Juan De Miraflor
eThz5S1Sa/w=,2017-02-13 00:57:16-05,5912,78.5,24.205161,27,LIMA,San Juan De Miraflor
3qIq9PNkBYk=,2016-11-08 15:38:46-05,5912,15.0,4.62519,27,LIMA,San Juan De Miraflor
FQN51KrYKa0=,2016-07-20 15:46:40-05,5912,33.5,10.329591,38,LIMA,San Juan De Miraflor
T2Qy5ba+y+g=,2016-07-05 19:08:13-05,5912,14.9,4.5943554,39,LIMA,San Juan De Miraflor
V1O053nSA24=,2017-04-11 13:51:01-05,5912,15.0,4.62519,21,LIMA,San Juan De Miraflor
vkmxRBi8O8w=,2017-05-30 09:59:30-05,5211,1271.62,392.09894052,0,LIMA,San Juan De Miraflor
uvsz6dm4lws=,2016-09-18 18:39:20-05,5912,14.8,4.5635208,28,LIMA,San Juan De Miraflor
q1GNUYqHdIM=,2017-05-20 15:11:05-05,5912,17.1,5.2727166,28,LIMA,San Juan De Miraflor
wi1W6uw2P1k=,2017-03-22 01:29:19-05,5211,1101.13,339.52903098,0,LIMA,San Juan De Miraflor
wAOoIJ0KqBs=,2016-11-06 17:58:52-05,5211,48.15,14.8468599,39,LIMA,San Juan De Miraflor
rklhSztixmw=,2017-05-20 15:19:30-05,5211,1245.16,383.94010536,45,LIMA,San Juan De Miraflor
0bFd4G+yKzA=,2016-07-26 17:39:12-05,5211,238.0,73.386348,39,LIMA,San Juan De Miraflor
uyZ55ibeH74=,2017-03-20 20:17:21-05,5211,147.8,45.5735388,45,LIMA,San Juan De Miraflor
SEPM6gUYr74=,2017-02-20 21:28:48-05,5211,763.74,235.49617404,38,LIMA,San Juan De Miraflor
oVGWzPz5l80=,2016-08-04 20:05:15-05,5211,928.79,286.38868134,0,LIMA,San Juan De Miraflor
NtlXJ5TbmiI=,2016-08-13 21:13:05-05,5211,1872.79,577.46730534,34,LIMA,San Juan De Miraflor
pGzT4yCahtY=,2016-11-12 21:47:10-05,5211,85.82,26.46225372,41,LIMA,San Juan De Miraflor
2y1iOLHZ6+Q=,2017-02-01 19:27:37-05,5211,632.34,194.97950964,24,LIMA,San Juan De Miraflor
R0UHyRkT9j8=,2017-01-03 22:57:00-05,5211,59.97,18.49150962,0,LIMA,San Juan De Miraflor
NtlXJ5TbmiI=,2016-08-18 15:52:01-05,5211,125.25,38.6203365,34,LIMA,San Juan De Miraflor
wi1W6uw2P1k=,2017-03-17 00:05:27-05,5211,1260.57,388.69171722,0,LIMA,San Juan De Miraflor
l7VO5Vg3HaQ=,2016-08-13 20:24:02-05,5211,41.62,12.83336052,56,LIMA,San Juan De Miraflor
s5eosb0xtzg=,2016-09-12 15:56:28-05,5211,825.44,254.52112224,45,LIMA,San Juan De Miraflor
QIBdRWHzIDk=,2016-10-25 17:52:13-05,5211,309.08,95.30358168,0,LIMA,San Juan De Miraflor
DAcggKKYvAY=,2016-09-13 16:53:17-05,5211,651.46,200.87508516,0,LIMA,San Juan De Miraflor
s9zNbSg0Eoo=,2017-03-26 17:48:58-05,5211,2904.4,895.5601224,0,LIMA,San Juan De Miraflor
woiHdVDh+Ts=,2016-06-11 20:02:34-05,5211,155.0,47.79363,32,LIMA,San Juan De Miraflor
yvjBdiA4dXw=,2017-03-19 15:28:22-05,5211,699.9,215.8113654,44,LIMA,San Juan De Miraflor
1FaOexQvzjQ=,2016-07-03 16:42:47-05,5211,172.73,53.26060458,0,LIMA,San Juan De Miraflor
AR0Za+lOd2U=,2017-05-03 21:47:23-05,5211,302.65,93.3209169,32,LIMA,San Juan De Miraflor
yvjBdiA4dXw=,2016-09-16 23:14:39-05,5211,337.91,104.19319686,44,LIMA,San Juan De Miraflor
OBQXlJgvles=,2017-02-20 21:44:29-05,5211,178.8,55.1322648,0,LIMA,San Juan De Miraflor
SSRXFxb+5hc=,2016-07-25 18:41:16-05,5211,76.6,23.6193036,0,LIMA,San Juan De Miraflor
Aot5pACtI2k=,2016-11-14 22:32:01-05,5211,1848.72,570.04541712,31,LIMA,San Juan De Miraflor
PqAVHrdewoo=,2017-05-04 00:16:48-05,5211,51.88,15.99699048,28,LIMA,San Juan De Miraflor
oktH9S8fNdc=,2017-05-16 00:32:38-05,5211,531.73,163.95681858,39,LIMA,San Juan De Miraflor
ldPA4IEd954=,2017-03-27 01:23:39-05,5211,261.42,80.60781132,32,LIMA,San Juan De Miraflor
H1h8I8dHOWU=,2017-02-11 22:02:37-05,5211,2018.97,622.54132362,45,LIMA,San Juan De Miraflor
8t+DBpf9A3g=,2016-12-30 15:35:31-05,5211,997.17,307.47338082,0,LIMA,San Juan De Miraflor
DA66kmf6opg=,2016-10-19 15:32:36-05,5211,1026.06,316.38149676,0,LIMA,San Juan De Miraflor
ti9IbCfPWDs=,2016-12-02 20:35:42-05,5211,236.29,72.85907634,0,LIMA,San Juan De Miraflor
aVaX6OG05C8=,2016-12-17 23:27:39-05,5211,217.05,66.9264993,28,LIMA,San Juan De Miraflor
S4WvocKWVTo=,2016-09-29 15:34:41-05,5211,83.3,25.6852218,37,LIMA,San Juan De Miraflor
yWnnXhUjZzg=,2017-01-09 21:55:26-05,5211,794.94,245.11656924,42,LIMA,San Juan De Miraflor
R0UHyRkT9j8=,2016-11-27 22:14:17-05,5211,219.0,67.527774,0,LIMA,San Juan De Miraflor
oOqGfws69Uk=,2017-05-25 16:50:22-05,5211,8936.44,2755.51552824,39,LIMA,San Juan De Miraflor
+l86X7WtFlw=,2016-07-09 16:51:30-05,5211,152.32,46.96726272,36,LIMA,San Juan De Miraflor
3wPQVIYwkqs=,2016-12-03 16:41:22-05,5211,78.69,24.26374674,47,LIMA,San Juan De Miraflor
crpPFhy7ufA=,2017-02-01 20:15:11-05,5211,2120.7,653.9093622,27,LIMA,San Juan De Miraflor
P67fN9XA6y4=,2016-08-13 17:06:18-05,5211,63.96,19.72181016,31,LIMA,San Juan De Miraflor
YDPqYEn6SZY=,2017-02-10 19:42:31-05,5211,77.6,23.9276496,42,LIMA,San Juan De Miraflor
P67fN9XA6y4=,2016-06-02 14:37:03-05,5211,46.4,14.3072544,31,LIMA,San Juan De Miraflor
giB6ee7bVcM=,2016-11-23 01:08:39-05,5211,248.3,76.5623118,50,LIMA,San Juan De Miraflor
4AWXjAbm6EQ=,2016-10-06 17:33:16-05,5211,2388.73,736.55534058,57,LIMA,San Juan De Miraflor
RM0jd1Xp52k=,2017-05-27 14:37:57-05,5211,43.41,13.38529986,43,LIMA,San Juan De Miraflor
P67fN9XA6y4=,2016-08-21 19:31:07-05,5211,243.38,75.04524948,31,LIMA,San Juan De Miraflor
xQK8mAkjYZo=,2017-03-25 19:46:02-05,5211,328.16,101.18682336,45,LIMA,San Juan De Miraflor
iyd46tv03JQ=,2016-12-02 23:26:08-05,5211,432.9,133.4829834,36,LIMA,San Juan De Miraflor
RM0jd1Xp52k=,2017-04-29 22:39:04-05,5211,2517.66,776.31039036,43,LIMA,San Juan De Miraflor
UKkUqvEoqnQ=,2017-05-06 21:48:27-05,5211,289.9,89.3895054,52,LIMA,San Juan De Miraflor
K+JlQ6jcles=,2017-01-07 15:49:13-05,5211,894.86,275.92650156,37,LIMA,San Juan De Miraflor
Aot5pACtI2k=,2017-01-31 18:09:37-05,5211,84.96,26.19707616,31,LIMA,San Juan De Miraflor
uVFffIt/zrE=,2016-11-26 15:21:29-05,5211,613.16,189.06543336,45,LIMA,San Juan De Miraflor
jJzucrN7NHg=,2017-05-31 21:22:41-05,5211,467.8,144.2442588,0,LIMA,San Juan De Miraflor
Aot5pACtI2k=,2016-11-29 20:03:58-05,5211,82.67,25.49096382,31,LIMA,San Juan De Miraflor
OBQXlJgvles=,2017-02-23 19:01:26-05,5211,113.69,35.05585674,0,LIMA,San Juan De Miraflor
vuNumLfJHeM=,2017-01-28 21:38:10-05,5211,454.18,140.04458628,39,LIMA,San Juan De Miraflor
DA66kmf6opg=,2016-11-02 16:33:13-05,5211,1316.68,405.99301128,0,LIMA,San Juan De Miraflor
vFpzJkpQSpU=,2016-11-19 23:54:43-05,5211,4023.06,1240.49445876,34,LIMA,San Juan De Miraflor
fhQCbiqkxeg=,2017-03-18 23:10:53-05,5211,2471.65,762.1233909,77,LIMA,San Juan De Miraflor
S4WvocKWVTo=,2016-08-16 18:09:56-05,5211,6774.79,2088.97939734,37,LIMA,San Juan De Miraflor
DXGIAggqTBo=,2016-07-10 16:25:01-05,5211,771.33,237.83652018,51,LIMA,San Juan De Miraflor
mDN1WsguEhg=,2016-06-06 18:10:45-05,5211,609.01,187.78579746,51,LIMA,San Juan De Miraflor
Y6c85+rKS30=,2016-09-16 16:58:03-05,5211,208.04,64.14830184,40,LIMA,San Juan De Miraflor
gf37XDy9LIE=,2016-12-15 11:30:19-05,5211,308.99,95.27583054,0,LIMA,San Juan De Miraflor
2t8dTRmS+DA=,2017-02-04 19:31:01-05,5541,120.0,37.00152,0,LIMA,Carabayllo
jJzucrN7NHg=,2017-04-24 15:53:08-05,5211,3987.69,1229.58826074,0,LIMA,San Juan De Miraflor
DA66kmf6opg=,2016-11-10 21:51:21-05,5211,3102.0,956.489292,0,LIMA,San Juan De Miraflor
mCTZvxHsRgE=,2017-03-15 23:09:26-05,5211,2820.42,869.66522532,39,LIMA,San Juan De Miraflor
mDN1WsguEhg=,2016-08-20 16:13:55-05,5211,387.24,119.40390504,51,LIMA,San Juan De Miraflor
S4WvocKWVTo=,2016-12-17 17:13:17-05,5211,241.1,74.3422206,37,LIMA,San Juan De Miraflor
DA66kmf6opg=,2016-11-16 21:55:19-05,5211,34.33,10.58551818,0,LIMA,San Juan De Miraflor
hyKxaLsC7Uo=,2017-03-16 22:22:03-05,5211,856.17,263.99659482,39,LIMA,San Juan De Miraflor
WHd1ZuNYO6M=,2016-12-02 03:40:42-05,5541,10.4,3.2067984,25,LIMA,Magdalena Del Mar
XNdzJ0/HTFw=,2016-12-04 12:18:52-05,5541,7.3,2.2509258,23,LIMA,Magdalena Del Mar
fEaru+U3cNY=,2016-09-30 23:38:02-05,5541,32.26,9.94724196,32,LIMA,Magdalena Del Mar
9tr4kG4LWho=,2016-07-05 19:05:07-05,5541,100.0,30.8346,0,LIMA,Magdalena Del Mar
NcONLHMas/k=,2016-09-21 20:03:46-05,5541,57.3,17.6682258,0,LIMA,Magdalena Del Mar
bpKSspZsOLs=,2016-11-29 00:34:21-05,5541,17.0,5.241882,33,LIMA,Magdalena Del Mar
fEaru+U3cNY=,2017-04-10 17:24:50-05,5541,33.77,10.41284442,32,LIMA,Magdalena Del Mar
BjCQXy6NrTA=,2016-09-27 21:25:34-05,5541,20.0,6.16692,0,LIMA,Magdalena Del Mar
jUTP6o8Nnhw=,2016-10-23 14:12:39-05,5541,20.01,6.17000346,33,LIMA,Magdalena Del Mar
0Bt3tmUrZHc=,2017-02-27 19:36:04-05,5541,50.0,15.4173,28,LIMA,Magdalena Del Mar
XNdzJ0/HTFw=,2016-10-09 11:59:43-05,5541,6.0,1.850076,23,LIMA,Magdalena Del Mar
9vmAtZMHtmY=,2017-05-02 18:58:13-05,5541,27.5,8.479515,21,LIMA,Magdalena Del Mar
NHTo3B/8h1k=,2017-04-27 00:18:08-05,5541,50.0,15.4173,32,LIMA,Magdalena Del Mar
pEGCM8R0IIQ=,2016-07-26 04:15:28-05,5541,30.0,9.25038,48,LIMA,Magdalena Del Mar
XNdzJ0/HTFw=,2017-04-02 00:49:21-05,5541,3.8,1.1717148,23,LIMA,Magdalena Del Mar
uVwuL+Vh4Xo=,2017-03-30 18:48:40-05,5541,15.0,4.62519,0,LIMA,Magdalena Del Mar
uVwuL+Vh4Xo=,2017-03-30 18:50:28-05,5541,5.0,1.54173,0,LIMA,Magdalena Del Mar
/ReA7UM8Qp4=,2016-12-27 17:21:57-05,5541,100.0,30.8346,0,LIMA,Magdalena Del Mar
4iTAIMJacTQ=,2017-04-11 16:23:32-05,5541,40.0,12.33384,0,LIMA,Magdalena Del Mar
Jac5+c6zhIg=,2016-06-14 00:09:45-05,5541,40.0,12.33384,42,LIMA,Magdalena Del Mar
kOLHTQXE/PE=,2016-07-02 01:16:34-05,5541,20.0,6.16692,51,LIMA,Magdalena Del Mar
rUV8zGc5KRs=,2017-01-18 14:51:48-05,5541,100.0,30.8346,0,LIMA,Magdalena Del Mar
C28xLfdXUX4=,2016-09-08 00:06:06-05,5541,302.45,93.2592477,41,LIMA,Magdalena Del Mar
cwTWqYq2gJw=,2016-09-15 02:52:38-05,5541,15.0,4.62519,96,LIMA,Magdalena Del Mar
mghro8hpnuQ=,2017-02-22 12:49:01-05,5541,170.02,52.42498692,0,LIMA,Magdalena Del Mar
9s7AGx5X0j4=,2016-12-26 18:44:31-05,5541,50.0,15.4173,26,LIMA,Magdalena Del Mar
t/9omdxIB5M=,2017-05-15 12:31:45-05,5541,53.01,16.34542146,52,LIMA,Magdalena Del Mar
6u7LzLPxZXk=,2017-05-21 19:10:34-05,5541,100.0,30.8346,52,LIMA,Magdalena Del Mar
57JmNpR/Z1c=,2017-04-24 16:27:55-05,5541,50.0,15.4173,0,LIMA,Magdalena Del Mar
Dg2xv5tMYDI=,2016-08-30 01:03:23-05,5541,3.9,1.2025494,0,LIMA,Magdalena Del Mar
L9bs7V0SqNY=,2016-11-17 00:11:20-05,5541,197.95,61.0370907,58,LIMA,Magdalena Del Mar
6u7LzLPxZXk=,2017-02-22 20:09:47-05,5541,100.0,30.8346,52,LIMA,Magdalena Del Mar
MbCVVntborI=,2017-04-16 14:55:42-05,5541,20.9,6.4444314,0,LIMA,Magdalena Del Mar
t79n5SYO3vQ=,2016-08-22 19:21:38-05,5541,10.0,3.08346,0,LIMA,Magdalena Del Mar
qfCXGzT3IxE=,2017-01-24 22:27:14-05,5541,20.0,6.16692,38,LIMA,Magdalena Del Mar
rAlXgRBo29A=,2016-11-14 14:44:05-05,5541,37.51,11.56605846,46,LIMA,Magdalena Del Mar
XNdzJ0/HTFw=,2017-05-21 11:52:43-05,5541,2.5,0.770865,23,LIMA,Magdalena Del Mar
UHo1yMefVjg=,2016-07-03 04:13:52-05,5541,7.0,2.158422,27,LIMA,Magdalena Del Mar
+OXQI9zTpKc=,2016-08-03 17:36:17-05,5541,30.0,9.25038,46,LIMA,Magdalena Del Mar
AdbUtxTJ/vo=,2016-10-14 21:47:18-05,5541,70.0,21.58422,42,LIMA,Magdalena Del Mar
eREwMbwFe4w=,2017-04-23 02:50:20-05,5541,14.0,4.316844,0,LIMA,Magdalena Del Mar
6u7LzLPxZXk=,2017-01-18 12:54:49-05,5541,50.0,15.4173,52,LIMA,Magdalena Del Mar
yBrWtQbegF0=,2017-03-08 15:45:04-05,5541,115.84,35.71880064,56,LIMA,Magdalena Del Mar
1uvmC/eZEGs=,2016-11-13 02:06:56-05,5541,50.0,15.4173,53,LIMA,Magdalena Del Mar
e+/m1ZRo360=,2016-06-30 22:14:45-05,5541,5.1,1.5725646,31,LIMA,Magdalena Del Mar
Y2RtuHlrImE=,2016-09-15 18:35:37-05,5541,285.48,88.02661608,54,LIMA,Magdalena Del Mar
1b3ZwuZ3hLo=,2016-08-30 21:42:11-05,5541,100.0,30.8346,62,LIMA,Magdalena Del Mar
e+/m1ZRo360=,2016-08-17 03:11:47-05,5541,3.3,1.0175418,31,LIMA,Magdalena Del Mar
toR1t99zIao=,2017-01-07 18:14:32-05,5541,100.0,30.8346,39,LIMA,Magdalena Del Mar
8e6E238cMmM=,2017-05-04 16:48:00-05,5541,60.0,18.50076,50,LIMA,Magdalena Del Mar
1b3ZwuZ3hLo=,2017-02-01 12:12:33-05,5541,80.0,24.66768,62,LIMA,Magdalena Del Mar
e+/m1ZRo360=,2016-07-27 22:37:16-05,5541,15.0,4.62519,31,LIMA,Magdalena Del Mar
DVuZ2oOQFxg=,2017-01-28 23:06:00-05,5541,30.0,9.25038,48,LIMA,Magdalena Del Mar
O8wFg+bk0xI=,2017-05-28 01:32:22-05,5541,50.0,15.4173,47,LIMA,Magdalena Del Mar
Eqh/XPXh/84=,2017-05-16 13:01:24-05,5541,100.0,30.8346,60,LIMA,Magdalena Del Mar
PCLwbIEGuLY=,2016-11-17 22:16:11-05,5541,3.5,1.079211,28,LIMA,Magdalena Del Mar
clfQkKD7Wnw=,2017-01-09 01:01:51-05,5541,50.0,15.4173,42,LIMA,Magdalena Del Mar
PggwXHHqNwk=,2016-09-09 13:53:47-05,5541,40.0,12.33384,21,LIMA,Magdalena Del Mar
DVuZ2oOQFxg=,2017-03-24 23:18:32-05,5541,50.0,15.4173,48,LIMA,Magdalena Del Mar
Y3idYHYeNck=,2017-05-27 18:29:23-05,5541,132.5,40.855845,53,LIMA,Magdalena Del Mar
PhPG3UQGr/Y=,2016-07-01 00:42:22-05,5541,6.0,1.850076,32,LIMA,Magdalena Del Mar
IKtrbPPN/Iw=,2016-07-20 22:39:31-05,5541,5.0,1.54173,45,LIMA,Magdalena Del Mar
FrhS3dJflXA=,2016-09-30 01:14:36-05,5541,8.9,2.7442794,22,LIMA,Magdalena Del Mar
ZswEQq0P0aI=,2016-07-11 16:05:00-05,5541,46.23,14.25483558,54,LIMA,Magdalena Del Mar
v6IOtxlAso4=,2016-07-14 18:38:54-05,5541,2.0,0.616692,19,LIMA,Magdalena Del Mar
IKtrbPPN/Iw=,2016-11-01 03:19:14-05,5541,44.73,13.79231658,45,LIMA,Magdalena Del Mar
NHTo3B/8h1k=,2017-05-06 12:51:34-05,5541,4.3,1.3258878,32,LIMA,Magdalena Del Mar
NCb1SduWBcE=,2016-11-05 01:13:35-05,5541,15.0,4.62519,0,LIMA,Magdalena Del Mar
C07i0emDWcE=,2016-10-14 23:28:20-05,5541,6.8,2.0967528,22,LIMA,Magdalena Del Mar
6u7LzLPxZXk=,2016-09-13 16:12:53-05,5541,194.45,59.9578797,52,LIMA,Magdalena Del Mar
+wZwn/noC/U=,2016-06-18 16:37:09-05,5541,3.5,1.079211,26,LIMA,Magdalena Del Mar
ug4oOhwqgqc=,2016-06-21 17:46:29-05,5541,20.0,6.16692,27,LIMA,Magdalena Del Mar
lLk4jwZK3HY=,2016-11-15 23:47:41-05,5541,100.0,30.8346,70,LIMA,Magdalena Del Mar
6u7LzLPxZXk=,2016-08-31 23:29:31-05,5541,191.51,59.05134246,52,LIMA,Magdalena Del Mar
jVTh8FbQnXc=,2017-04-12 03:42:46-05,5541,26.9,8.2945074,21,LIMA,Magdalena Del Mar
AN0g5rn61eY=,2017-03-12 16:47:33-05,5541,20.0,6.16692,41,LIMA,Magdalena Del Mar
duQ3Ba2X0N8=,2016-08-05 00:36:16-05,5541,100.0,30.8346,64,LIMA,Magdalena Del Mar
pQoOT2d/5IM=,2017-04-24 17:02:03-05,5541,85.6,26.3944176,72,LIMA,Magdalena Del Mar
AN0g5rn61eY=,2016-11-16 13:07:48-05,5541,50.0,15.4173,41,LIMA,Magdalena Del Mar
IK79aN8470w=,2016-11-19 13:21:31-05,5541,50.0,15.4173,55,LIMA,Magdalena Del Mar
zrBBFhzh72s=,2017-05-02 02:01:44-05,5541,80.0,24.66768,52,LIMA,Magdalena Del Mar
psYtcg8Tscs=,2016-06-26 01:02:49-05,5541,21.0,6.475266,25,LIMA,Magdalena Del Mar
AN0g5rn61eY=,2016-07-26 13:23:14-05,5541,10.0,3.08346,41,LIMA,Magdalena Del Mar
VWLtnt0pfTs=,2016-11-10 08:57:44-05,5541,80.0,24.66768,44,LIMA,Magdalena Del Mar
jOFrEG5E9m8=,2017-02-19 06:02:24-05,5541,16.5,5.087709,22,LIMA,Magdalena Del Mar
AN0g5rn61eY=,2017-01-25 03:54:03-05,5541,30.0,9.25038,41,LIMA,Magdalena Del Mar
ZswEQq0P0aI=,2017-03-30 22:31:32-05,5541,20.0,6.16692,54,LIMA,Magdalena Del Mar
j8kgrpVkzMg=,2016-11-07 18:41:01-05,5541,50.0,15.4173,46,LIMA,Magdalena Del Mar
P26bJ/GiFkg=,2016-06-06 01:16:29-05,5541,23.5,7.246131,39,LIMA,Magdalena Del Mar
g7CK2pJSAP8=,2016-10-20 02:00:47-05,5912,31.8,9.8054028,56,LIMA,San Juan De Miraflor
ZswEQq0P0aI=,2016-07-02 19:56:12-05,5541,43.8,13.5055548,54,LIMA,Magdalena Del Mar
ZswEQq0P0aI=,2016-07-17 13:17:52-05,5541,50.0,15.4173,54,LIMA,Magdalena Del Mar
h0jZM0rvIOo=,2016-10-14 17:58:28-05,5541,40.0,12.33384,0,LIMA,Magdalena Del Mar
232WU+tQxQQ=,2016-09-01 22:17:58-05,5912,18.5,5.704401,48,LIMA,San Juan De Miraflor
NCb1SduWBcE=,2017-03-06 21:02:40-05,5541,15.0,4.62519,0,LIMA,Magdalena Del Mar
TtND199tctc=,2017-01-21 16:03:05-05,5912,40.6,12.5188476,44,LIMA,San Juan De Miraflor
6ut2eGgdAn8=,2016-10-28 17:17:46-05,5541,30.0,9.25038,33,LIMA,Magdalena Del Mar
4QIu8z+7gZs=,2016-08-01 16:54:19-05,5912,62.8,19.3641288,38,LIMA,San Juan De Miraflor
eRepSO/dTd8=,2017-03-17 19:53:05-05,5912,13.2,4.0701672,28,LIMA,San Juan De Miraflor
wbMee5zuCo0=,2016-06-30 22:58:41-05,5912,64.0,19.734144,0,LIMA,San Juan De Miraflor
Ar9xKQBvbos=,2017-01-31 00:31:22-05,5912,7.8,2.4050988,25,LIMA,San Juan De Miraflor
ZkbMwQbw0Ak=,2016-07-24 20:46:59-05,5812,207.0,63.827622,0,LIMA,Miraflores
3+2+XaXvL2c=,2016-07-26 18:05:39-05,5912,14.4,4.4401824,22,LIMA,San Juan De Miraflor
qNJdhAzfuO8=,2017-01-09 22:41:09-05,5912,81.0,24.976026,46,LIMA,San Juan De Miraflor
tEXKEVOJsZg=,2016-12-21 09:38:43-05,5912,15.0,4.62519,28,LIMA,San Juan De Miraflor
q1GNUYqHdIM=,2017-04-29 23:08:58-05,5912,11.4,3.5151444,28,LIMA,San Juan De Miraflor
nAY2DOo2MPg=,2017-04-11 22:57:22-05,5912,21.2,6.5369352,34,LIMA,San Juan De Miraflor
eHbuDDzfZH4=,2017-03-09 15:44:25-05,5912,68.6,21.1525356,32,LIMA,San Juan De Miraflor
f5KwA5tgAbE=,2016-12-27 22:01:51-05,5912,58.9,18.1615794,29,LIMA,San Juan De Miraflor
tEXKEVOJsZg=,2016-12-21 11:10:21-05,5912,157.1,48.4411566,28,LIMA,San Juan De Miraflor
E8FYOsOxgow=,2016-11-02 01:23:15-05,5912,79.2,24.4210032,35,LIMA,San Juan De Miraflor
/m4tAeDUaD4=,2017-02-05 00:55:54-05,5912,80.9,24.9451914,0,LIMA,San Juan De Miraflor
hnkOoiBW/GA=,2016-08-01 00:06:11-05,5912,27.8,8.5720188,33,LIMA,San Juan De Miraflor
BgFi9gYXRQ0=,2016-10-06 00:31:35-05,5912,30.6,9.4353876,32,LIMA,San Juan De Miraflor
B20MBlssk4w=,2016-12-19 22:13:36-05,5912,16.9,5.2110474,39,LIMA,San Juan De Miraflor
zrWMY+Af79A=,2016-09-10 23:22:52-05,5912,11.6,3.5768136,35,LIMA,San Juan De Miraflor
epIu+AfArno=,2016-08-09 00:25:02-05,5912,11.5,3.545979,39,LIMA,San Juan De Miraflor
PHQ5rGjoMQk=,2016-10-16 20:53:10-05,5912,102.6,31.6362996,54,LIMA,San Juan De Miraflor
8m3WyJM4t3w=,2016-09-20 13:29:34-05,5912,31.8,9.8054028,27,LIMA,San Juan De Miraflor
cbR3vKmOK+A=,2016-12-30 17:55:25-05,5912,75.1,23.1567846,42,LIMA,San Juan De Miraflor
r+0mumt/13M=,2016-10-02 00:54:41-05,5912,340.2,104.8993092,49,LIMA,San Juan De Miraflor
ynqCmsethRo=,2016-11-16 15:14:34-05,5912,44.0,13.567224,26,LIMA,San Juan De Miraflor
WHznsWhXAH8=,2017-05-15 22:11:40-05,5912,11.7,3.6076482,26,LIMA,San Juan De Miraflor
ONkx/xUIC1Q=,2016-08-13 02:25:27-05,5912,35.6,10.9771176,34,LIMA,San Juan De Miraflor
5caHnQ42Cc8=,2016-12-14 23:23:48-05,5912,10.2,3.1451292,59,LIMA,San Juan De Miraflor
gdDxFz+iaZk=,2016-12-26 16:49:05-05,5912,49.0,15.108954,38,LIMA,San Juan De Miraflor
AeyyCAvOCqY=,2017-02-22 14:23:28-05,5912,7.9,2.4359334,24,LIMA,San Juan De Miraflor
dkGKrly7CSg=,2016-09-19 23:19:26-05,5912,37.6,11.5938096,25,LIMA,San Juan De Miraflor
bXwxhWhxig4=,2016-07-16 03:48:07-05,5912,176.2,54.3305652,46,LIMA,San Juan De Miraflor
Cp2L4hngYn4=,2016-06-20 23:05:03-05,5912,23.1,7.1227926,27,LIMA,San Juan De Miraflor
WTrmeJxrO4c=,2016-06-21 17:26:39-05,5912,15.0,4.62519,22,LIMA,San Juan De Miraflor
nl/GGtFEfZ0=,2016-08-24 18:25:38-05,5912,67.2,20.7208512,33,LIMA,San Juan De Miraflor
ylbHJnJaKR0=,2016-10-31 22:31:00-05,5912,12.7,3.9159942,36,LIMA,San Juan De Miraflor
AgPEtdZTqas=,2016-10-02 15:16:25-05,5912,21.7,6.6911082,31,LIMA,San Juan De Miraflor
+5AdojiIzio=,2016-06-20 23:13:39-05,5912,144.1,44.4326586,61,LIMA,San Juan De Miraflor
jW9WZaXJG5w=,2016-10-29 22:09:03-05,5912,58.8,18.1307448,33,LIMA,San Juan De Miraflor
trysnlr54dU=,2017-04-10 00:07:53-05,5912,11.0,3.391806,60,LIMA,San Juan De Miraflor
q8Ylusa7yJI=,2017-04-15 17:14:45-05,5912,171.8,52.9738428,42,LIMA,San Juan De Miraflor
39Cqlgbh/vM=,2016-06-30 23:28:15-05,5912,48.5,14.954781,21,LIMA,San Juan De Miraflor
bwrpoq1xi18=,2016-11-28 17:32:13-05,5912,46.5,14.338089,24,LIMA,San Juan De Miraflor
6iWV9C7UqYU=,2017-02-20 22:14:14-05,5912,112.9,34.8122634,26,LIMA,San Juan De Miraflor
dpve4c9EAEY=,2016-08-16 04:39:39-05,5912,10.7,3.2993022,0,LIMA,San Juan De Miraflor
C41lI60g5GQ=,2017-04-01 18:08:21-05,5912,75.1,23.1567846,24,LIMA,San Juan De Miraflor
t+OUMUX9gPk=,2016-07-27 04:00:11-05,5912,32.6,10.0520796,27,LIMA,San Juan De Miraflor
my8a8awUhuA=,2016-11-28 04:26:52-05,5912,5.9,1.8192414,25,LIMA,San Juan De Miraflor
p1jzbtHlSSI=,2016-10-07 20:54:44-05,5912,17.4,5.3652204,36,LIMA,San Juan De Miraflor
u5J2HG+SVfo=,2017-03-20 20:33:05-05,5912,137.6,42.4284096,30,LIMA,San Juan De Miraflor
oZYn/6kUNd8=,2017-03-11 22:51:25-05,5912,40.5,12.488013,36,LIMA,San Juan De Miraflor
YL7HK0dkOzQ=,2016-12-02 19:00:49-05,5912,9.1,2.8059486,30,LIMA,San Juan De Miraflor
EQrQVzPp6W0=,2017-01-23 20:33:06-05,5912,14.5,4.471017,21,LIMA,San Juan De Miraflor
MAsMVXgkN8M=,2017-01-07 23:34:21-05,5912,60.3,18.5932638,30,LIMA,San Juan De Miraflor
6eBnhrE+IXs=,2017-02-11 13:27:04-05,5912,43.6,13.4438856,30,LIMA,San Juan De Miraflor
jcm9mOQ4QkU=,2016-06-15 17:09:35-05,5912,142.8,44.0318088,28,LIMA,San Juan De Miraflor
TYC2V3SBAII=,2016-10-12 03:28:30-05,5912,15.0,4.62519,30,LIMA,San Juan De Miraflor
fi9N/oywxO8=,2016-08-18 00:31:24-05,5912,14.5,4.471017,28,LIMA,San Juan De Miraflor
OOrZ+2bLglk=,2017-03-01 18:01:25-05,5912,48.4,14.9239464,24,LIMA,San Juan De Miraflor
6An3GmRERxo=,2016-08-09 03:14:29-05,5912,33.3,10.2679218,26,LIMA,San Juan De Miraflor
YE4EmsnXDpA=,2016-06-09 13:55:15-05,5912,47.0,14.492262,60,LIMA,San Juan De Miraflor
d8h5sxRdQxg=,2016-11-28 17:16:36-05,5912,44.7,13.7830662,23,LIMA,San Juan De Miraflor
/1dAvViPm9A=,2016-11-08 10:49:25-05,5912,18.8,5.7969048,0,LIMA,San Juan De Miraflor
ClNi728Xfnk=,2016-12-20 13:58:08-05,5912,22.6,6.9686196,64,LIMA,San Juan De Miraflor
g0GpqqdBLmE=,2017-01-31 23:51:35-05,5912,108.2,33.3630372,30,LIMA,San Juan De Miraflor
DLPU/HySWeI=,2017-01-13 16:55:58-05,5912,17.5,5.396055,31,LIMA,San Juan De Miraflor
qTIN+7vKfT4=,2016-09-21 15:41:07-05,5912,38.7,11.9329902,36,LIMA,San Juan De Miraflor
bIxuIxEJ7ao=,2016-07-01 21:57:47-05,5912,40.1,12.3646746,62,LIMA,San Juan De Miraflor
JTMbguuiE0E=,2016-09-27 22:31:03-05,5912,16.8,5.1802128,65,LIMA,San Juan De Miraflor
6eBnhrE+IXs=,2017-03-20 15:31:38-05,5912,5.6,1.7267376,30,LIMA,San Juan De Miraflor
/zGtWBFEFcs=,2016-09-15 21:20:25-05,5912,68.2,21.0291972,28,LIMA,San Juan De Miraflor
NQDY/gk2IYo=,2017-01-16 21:45:12-05,5912,16.8,5.1802128,30,LIMA,San Juan De Miraflor
AmNQ+GZJqPA=,2016-09-24 16:25:43-05,5211,217.52,67.07142192,45,LIMA,San Juan De Miraflor
PPLzZ21/1rE=,2017-01-21 00:01:55-05,5912,23.9,7.3694694,26,LIMA,San Juan De Miraflor
kaqpo8aM00E=,2016-11-27 19:03:36-05,5912,27.2,8.3870112,22,LIMA,San Juan De Miraflor
AXSNGKQ5WLc=,2016-12-30 17:07:34-05,5912,8.3,2.5592718,30,LIMA,San Juan De Miraflor
1JF+iUtkqqU=,2017-04-08 15:21:35-05,5912,201.2,62.0392152,40,LIMA,San Juan De Miraflor
p3GVO7xsX+c=,2017-03-05 20:17:10-05,5211,167.83,51.74970918,39,LIMA,San Juan De Miraflor
g7NzHELUURA=,2016-08-06 22:19:09-05,5912,27.2,8.3870112,39,LIMA,San Juan De Miraflor
tFM9kH+4vbM=,2017-03-09 20:59:43-05,5211,255.91,78.90882486,42,LIMA,San Juan De Miraflor
5RJka5n4nP0=,2016-09-14 00:54:43-05,5211,750.4,231.3828384,29,LIMA,San Juan De Miraflor
QO+7YCzmQJ4=,2016-09-01 23:22:13-05,5211,1031.6,318.0897336,33,LIMA,San Juan De Miraflor
fIwm51G4O84=,2017-01-26 19:57:47-05,5211,3646.77,1124.46694242,54,LIMA,San Juan De Miraflor
z2b66DgXKZM=,2016-09-23 22:17:05-05,5211,190.8,58.8324168,0,LIMA,San Juan De Miraflor
OoB6E9Zr1pk=,2017-04-23 17:10:02-05,5211,50.75,15.6485595,23,LIMA,San Juan De Miraflor
0CNzEQFm9cY=,2017-03-26 21:36:23-05,5211,75.0,23.12595,32,LIMA,San Juan De Miraflor
OgAqwAUDaTM=,2016-08-05 14:47:21-05,5211,338.52,104.38128792,51,LIMA,San Juan De Miraflor
aV4mQVQGo/I=,2016-08-16 18:44:00-05,5211,361.94,111.60275124,50,LIMA,San Juan De Miraflor
Od/olq+2sM0=,2016-08-02 16:54:52-05,5211,211.14,65.10417444,54,LIMA,San Juan De Miraflor
/GRDx4ntdBo=,2016-12-19 00:29:42-05,5211,1037.71,319.97372766,40,LIMA,San Juan De Miraflor
ftZfwodS+fg=,2016-11-26 00:21:53-05,5211,100.4,30.9579384,28,LIMA,San Juan De Miraflor
8kOOJuT3N5A=,2016-11-01 16:43:25-05,5211,1867.15,575.7282339,50,LIMA,San Juan De Miraflor
GDaDuuLDJEM=,2016-07-31 15:17:23-05,5211,157.53,48.57374538,44,LIMA,San Juan De Miraflor
/GRDx4ntdBo=,2017-01-09 23:59:46-05,5211,1672.67,515.76110382,40,LIMA,San Juan De Miraflor
xUtjFq+Fa7E=,2017-05-29 20:04:55-05,5211,199.81,61.61061426,64,LIMA,San Juan De Miraflor
MtpCjJ4wtMw=,2016-10-11 22:03:15-05,5211,458.18,141.27797028,36,LIMA,San Juan De Miraflor
vApJUvAzQPI=,2016-10-18 21:04:02-05,5211,42.22,13.01836812,26,LIMA,San Juan De Miraflor
t8KjCXhNpkU=,2017-02-04 22:38:04-05,5211,126.56,39.02426976,38,LIMA,San Juan De Miraflor
Ncoi09xxwl0=,2016-06-21 22:14:37-05,5211,1803.84,556.20684864,77,LIMA,San Juan De Miraflor
hGklWrDcLvY=,2016-09-17 19:36:29-05,5211,2726.68,840.76087128,56,LIMA,San Juan De Miraflor
Vw4aG2z6eek=,2017-02-19 21:47:47-05,5211,3172.43,978.20610078,39,LIMA,San Juan De Miraflor
Dp4ZcQQgtVA=,2016-12-07 19:33:49-05,5211,54.91,16.93127886,45,LIMA,San Juan De Miraflor
1l3L4osiBJc=,2016-08-06 21:16:28-05,5211,25236.36,7781.53066056,0,LIMA,San Juan De Miraflor
Od/olq+2sM0=,2016-08-02 17:04:15-05,5211,80.99,24.97294254,54,LIMA,San Juan De Miraflor
nIV7S+oRE+s=,2016-08-29 15:58:41-05,5211,543.84,167.69088864,36,LIMA,San Juan De Miraflor
8GEy+mQpEIQ=,2016-10-29 17:09:25-05,5211,315.72,97.35099912,0,LIMA,San Juan De Miraflor
aV4mQVQGo/I=,2016-08-13 15:31:20-05,5211,92.12,28.40483352,50,LIMA,San Juan De Miraflor
Od/olq+2sM0=,2016-08-10 16:35:55-05,5211,376.54,116.10460284,54,LIMA,San Juan De Miraflor
raTb2Ug1Fz4=,2016-10-07 22:09:21-05,5211,354.68,109.36415928,34,LIMA,San Juan De Miraflor
IlLq6w1UtVQ=,2016-09-07 18:38:20-05,5211,215.3,66.3868938,0,LIMA,San Juan De Miraflor
T+KF+ORKGEk=,2017-04-26 00:39:38-05,5211,279.98,86.33071308,49,LIMA,San Juan De Miraflor
os1hDEktzEw=,2016-10-12 16:26:52-05,5211,363.43,112.06218678,0,LIMA,San Juan De Miraflor
iU2qOP5OwqI=,2017-02-03 00:30:22-05,5211,117.14,36.11965044,0,LIMA,San Juan De Miraflor
x8b+j63ok44=,2016-12-27 16:14:53-05,5211,1488.1,458.8496826,0,LIMA,San Juan De Miraflor
Kfp+S/1zV/4=,2016-12-06 22:47:43-05,5211,48.24,14.87461104,44,LIMA,San Juan De Miraflor
t+CtxkOtGmU=,2017-01-19 17:08:44-05,5211,520.0,160.33992,54,LIMA,San Juan De Miraflor
zNHMFYSpJME=,2016-12-26 23:50:14-05,5211,39.0,12.025494,41,LIMA,San Juan De Miraflor
53QORrqJnCc=,2016-10-06 01:04:28-05,5211,426.82,131.60823972,0,LIMA,San Juan De Miraflor
SoOa5jBtIpc=,2017-03-20 16:51:04-05,5211,368.12,113.50832952,0,LIMA,San Juan De Miraflor
uy5Y8ApyN/g=,2016-08-28 18:49:56-05,5211,153.2,47.2386072,65,LIMA,San Juan De Miraflor
UOSZZD3+jsg=,2016-11-15 16:08:49-05,5211,551.9,170.1761574,36,LIMA,San Juan De Miraflor
QTjaqiMfgnQ=,2017-01-07 18:44:45-05,5211,12687.36,3912.09670656,40,LIMA,San Juan De Miraflor
hGklWrDcLvY=,2016-10-22 17:18:58-05,5211,434.22,133.89000012,56,LIMA,San Juan De Miraflor
kQItPiR81HE=,2016-06-15 20:15:58-05,5211,900.0,277.5114,35,LIMA,San Juan De Miraflor
raTb2Ug1Fz4=,2016-10-06 17:06:05-05,5211,661.8,204.0633828,34,LIMA,San Juan De Miraflor
z+GcZ8+mn/U=,2016-07-13 01:26:12-05,5211,2094.3,645.7690278,38,LIMA,San Juan De Miraflor
uskq1tgYzwU=,2017-01-04 17:33:07-05,5211,346.21,106.75246866,40,LIMA,San Juan De Miraflor
VNr+jGpb+4c=,2016-08-09 21:50:54-05,5211,368.01,113.47441146,41,LIMA,San Juan De Miraflor
uskq1tgYzwU=,2016-09-13 17:21:55-05,5211,605.69,186.76208874,40,LIMA,San Juan De Miraflor
zistNyf2VIc=,2016-09-13 18:47:09-05,5211,1752.21,540.28694466,0,LIMA,San Juan De Miraflor
J770/Hgo6pc=,2016-06-05 18:41:36-05,5211,4183.69,1290.02407674,41,LIMA,San Juan De Miraflor
x8b+j63ok44=,2017-03-16 22:38:37-05,5211,95.91,29.57346486,0,LIMA,San Juan De Miraflor
zistNyf2VIc=,2017-05-22 16:18:31-05,5211,836.0,257.777256,0,LIMA,San Juan De Miraflor
zistNyf2VIc=,2016-06-21 22:13:55-05,5211,234.44,72.28863624,0,LIMA,San Juan De Miraflor
GEAAflB+W5c=,2017-05-03 23:43:09-05,5211,384.83,118.66079118,39,LIMA,San Juan De Miraflor
Rhgle/ky/PM=,2016-11-16 01:18:28-05,5211,282.8,87.2002488,37,LIMA,San Juan De Miraflor
+1d6HRJT/E8=,2016-09-13 22:19:50-05,5211,43.06,13.27737876,0,LIMA,San Juan De Miraflor
zistNyf2VIc=,2016-12-26 01:07:11-05,5211,959.84,295.96282464,0,LIMA,San Juan De Miraflor
zNh13Wlvtog=,2016-07-24 21:30:24-05,5211,17.4,5.3652204,0,LIMA,San Juan De Miraflor
+1d6HRJT/E8=,2016-08-31 14:59:48-05,5211,516.67,159.31312782,0,LIMA,San Juan De Miraflor
R9EooXORF6Q=,2016-12-16 01:09:36-05,5211,209.93,64.73107578,54,LIMA,San Juan De Miraflor
zistNyf2VIc=,2017-01-19 19:40:24-05,5211,198.89,61.32693594,0,LIMA,San Juan De Miraflor
z+GcZ8+mn/U=,2016-08-27 23:53:36-05,5211,101.22,31.21078212,38,LIMA,San Juan De Miraflor
z2MwAq79xi4=,2017-05-27 22:55:56-05,5211,274.16,84.53613936,26,LIMA,San Juan De Miraflor
dBt8Drqsx4Q=,2017-05-16 22:46:57-05,5211,15.0,4.62519,26,LIMA,San Juan De Miraflor
zistNyf2VIc=,2016-06-25 17:46:30-05,5211,1361.35,419.7668271,0,LIMA,San Juan De Miraflor
zistNyf2VIc=,2016-10-07 21:04:09-05,5211,60.25,18.5778465,0,LIMA,San Juan De Miraflor
e29JHKQ95zY=,2016-11-12 01:26:13-05,5211,85.21,26.27416266,39,LIMA,San Juan De Miraflor
zistNyf2VIc=,2017-01-16 16:27:54-05,5211,747.85,230.5965561,0,LIMA,San Juan De Miraflor
OraLPpGH1rI=,2016-08-29 16:44:19-05,5211,353.62,109.03731252,33,LIMA,San Juan De Miraflor
BslmEXauGJg=,2016-12-15 19:29:27-05,5211,1630.32,502.70265072,0,LIMA,San Juan De Miraflor
FtayjeWAxmM=,2016-12-02 20:13:35-05,5211,938.51,289.38580446,40,LIMA,San Juan De Miraflor
gw2I/9SYPNc=,2016-12-08 19:09:13-05,5211,1452.02,447.72455892,40,LIMA,San Juan De Miraflor
OraLPpGH1rI=,2016-09-23 21:22:02-05,5211,1263.9,389.7185094,33,LIMA,San Juan De Miraflor
+CHEMHtZm+s=,2016-10-25 17:29:16-05,5211,2769.3,853.9025778,0,LIMA,San Juan De Miraflor
AN0g5rn61eY=,2017-04-08 23:44:05-05,5541,20.0,6.16692,41,LIMA,Magdalena Del Mar
WhLJZXfi0cU=,2016-12-15 00:17:20-05,5541,7.0,2.158422,25,LIMA,Magdalena Del Mar
O8wFg+bk0xI=,2016-07-03 01:39:08-05,5541,50.0,15.4173,47,LIMA,Magdalena Del Mar
nZcqhUpde3U=,2016-07-13 21:59:41-05,5541,20.0,6.16692,35,LIMA,Magdalena Del Mar
9dGkIhdxEys=,2017-02-05 05:21:47-05,5541,2.8,0.8633688,23,LIMA,Magdalena Del Mar
9dGkIhdxEys=,2017-04-15 02:39:37-05,5541,5.0,1.54173,23,LIMA,Magdalena Del Mar
hzOaRaloiHk=,2017-05-05 19:44:12-05,5541,20.0,6.16692,42,LIMA,Magdalena Del Mar
GvWK5c9mZZQ=,2016-12-04 18:51:47-05,5541,104.98,32.37016308,45,LIMA,Magdalena Del Mar
PhPG3UQGr/Y=,2017-01-03 03:21:36-05,5541,1.6,0.4933536,32,LIMA,Magdalena Del Mar
WsWgEbmpUrA=,2017-03-11 20:30:06-05,5541,30.0,9.25038,0,LIMA,Magdalena Del Mar
YPMNKhIfhrc=,2016-10-03 01:21:40-05,5541,30.0,9.25038,40,LIMA,Magdalena Del Mar
mS0pu5pmRoA=,2017-04-12 16:01:14-05,5541,20.0,6.16692,56,LIMA,Magdalena Del Mar
20c9tCE91d8=,2017-05-23 20:44:22-05,5541,100.0,30.8346,23,LIMA,Magdalena Del Mar
MXuia2vM9Cg=,2016-07-08 02:11:57-05,5541,8.4,2.5901064,23,LIMA,Magdalena Del Mar
iASc+6KKiFc=,2016-08-16 00:47:57-05,5541,20.0,6.16692,23,LIMA,Magdalena Del Mar
mS0pu5pmRoA=,2016-08-30 16:08:50-05,5541,20.0,6.16692,56,LIMA,Magdalena Del Mar
u5zZya7qFuk=,2017-02-07 19:09:10-05,5541,27.82,8.57818572,21,LIMA,Magdalena Del Mar
v6IOtxlAso4=,2016-06-15 23:26:21-05,5541,1.2,0.3700152,19,LIMA,Magdalena Del Mar
6M+7Srhn4jg=,2016-08-11 13:26:09-05,5541,100.0,30.8346,25,LIMA,Magdalena Del Mar
qlYCtkGAXnQ=,2016-07-11 03:56:40-05,5541,50.0,15.4173,47,LIMA,Magdalena Del Mar
UgZGhmnC1FY=,2016-11-03 18:59:35-05,5541,15.0,4.62519,22,LIMA,Magdalena Del Mar
yMKhOuv/mzQ=,2016-06-11 00:37:26-05,5541,26.02,8.02316292,32,LIMA,Magdalena Del Mar
6M+7Srhn4jg=,2017-03-20 14:11:23-05,5541,80.0,24.66768,25,LIMA,Magdalena Del Mar
QDJ9H79FMcQ=,2016-11-25 14:53:04-05,5541,50.0,15.4173,47,LIMA,Magdalena Del Mar
YywwFzlmAw8=,2016-08-12 23:14:15-05,5541,30.0,9.25038,22,LIMA,Magdalena Del Mar
eEJ5rSr6V24=,2016-07-18 23:29:46-05,5541,50.0,15.4173,24,LIMA,Magdalena Del Mar
uAEk2fBQ4ng=,2017-05-29 18:54:10-05,5541,9.9,3.0526254,22,LIMA,Magdalena Del Mar
2Frp5t+Lr04=,2017-05-07 15:52:43-05,5541,30.0,9.25038,46,LIMA,Magdalena Del Mar
jOFrEG5E9m8=,2017-02-19 05:07:47-05,5541,30.4,9.3737184,22,LIMA,Magdalena Del Mar
AN0g5rn61eY=,2016-06-05 02:46:08-05,5541,20.0,6.16692,41,LIMA,Magdalena Del Mar
KiTGSF0TR5o=,2017-05-01 23:12:08-05,5541,30.0,9.25038,0,LIMA,Magdalena Del Mar
qrkq3oHoWL4=,2017-02-04 18:18:17-05,5541,15.0,4.62519,43,LIMA,Magdalena Del Mar
AN0g5rn61eY=,2017-03-12 23:43:59-05,5541,20.0,6.16692,41,LIMA,Magdalena Del Mar
AN0g5rn61eY=,2017-05-07 01:02:08-05,5541,20.0,6.16692,41,LIMA,Magdalena Del Mar
2Frp5t+Lr04=,2017-04-21 13:46:05-05,5541,30.0,9.25038,46,LIMA,Magdalena Del Mar
WNbny6oa4D8=,2016-07-05 18:27:18-05,5541,30.0,9.25038,53,LIMA,Magdalena Del Mar
AN0g5rn61eY=,2017-02-08 13:00:33-05,5541,30.0,9.25038,41,LIMA,Magdalena Del Mar
1YLeqIhiZ/k=,2017-04-22 15:56:39-05,5541,70.0,21.58422,40,LIMA,Magdalena Del Mar
AcAKi1/YJMw=,2017-02-01 12:11:05-05,5541,100.0,30.8346,57,LIMA,Magdalena Del Mar
WNbny6oa4D8=,2016-07-19 19:46:36-05,5541,30.0,9.25038,53,LIMA,Magdalena Del Mar
AN0g5rn61eY=,2016-10-29 18:34:49-05,5541,23.05,7.1073753,41,LIMA,Magdalena Del Mar
nZcqhUpde3U=,2016-12-15 21:13:43-05,5541,100.0,30.8346,35,LIMA,Magdalena Del Mar
bswBdFbxYWw=,2017-05-25 12:58:23-05,5541,50.0,15.4173,52,LIMA,Magdalena Del Mar
BKUV8Jn04bU=,2016-06-13 18:51:12-05,5541,130.0,40.08498,48,LIMA,Magdalena Del Mar
AN0g5rn61eY=,2016-12-26 13:10:27-05,5541,50.0,15.4173,41,LIMA,Magdalena Del Mar
/+P/vsudLwE=,2017-01-16 20:13:58-05,5541,100.0,30.8346,37,LIMA,Magdalena Del Mar
9fkVomRny+E=,2017-04-27 17:18:48-05,5541,50.0,15.4173,0,LIMA,Magdalena Del Mar
kbcxrgn56kk=,2016-10-19 06:20:50-05,5541,20.0,6.16692,52,LIMA,Magdalena Del Mar
INOLFlY1Jrg=,2016-06-16 19:18:17-05,5541,11.5,3.545979,0,LIMA,Magdalena Del Mar
j9OGO6UVg6I=,2017-01-31 00:38:43-05,5541,50.0,15.4173,27,LIMA,Magdalena Del Mar
iH62shda4TQ=,2017-03-14 15:53:11-05,5541,30.0,9.25038,67,LIMA,Magdalena Del Mar
PI3JMiHEPgk=,2017-04-21 13:14:26-05,5541,8.4,2.5901064,43,LIMA,Magdalena Del Mar
INOLFlY1Jrg=,2016-07-05 21:51:15-05,5541,205.4,63.3342684,0,LIMA,Magdalena Del Mar
eDsUxQEpFk4=,2016-10-27 23:58:03-05,5541,20.0,6.16692,46,LIMA,Magdalena Del Mar
tYuHhRdzjEo=,2017-04-07 16:09:52-05,5541,243.05,74.9434953,54,LIMA,Magdalena Del Mar
fZsO/WpxGuA=,2016-08-09 23:19:41-05,5541,50.0,15.4173,43,LIMA,Magdalena Del Mar
INOLFlY1Jrg=,2016-06-15 16:44:51-05,5541,15.4,4.7485284,0,LIMA,Magdalena Del Mar
mS0pu5pmRoA=,2016-10-30 20:23:07-05,5541,15.0,4.62519,56,LIMA,Magdalena Del Mar
CnLuC1sLBV4=,2016-06-13 01:31:19-05,5541,30.0,9.25038,65,LIMA,Magdalena Del Mar
TuxziF8wFlY=,2017-05-12 16:01:02-05,5541,30.0,9.25038,52,LIMA,Magdalena Del Mar
WhLJZXfi0cU=,2017-03-13 01:24:14-05,5541,8.4,2.5901064,25,LIMA,Magdalena Del Mar
mS0pu5pmRoA=,2016-11-23 00:46:16-05,5541,20.0,6.16692,56,LIMA,Magdalena Del Mar
vs7kd6kIVlc=,2017-04-21 19:03:06-05,5541,2.7,0.8325342,53,LIMA,Magdalena Del Mar
kzghTWsGj3k=,2016-09-24 04:44:16-05,5541,30.0,9.25038,58,LIMA,Magdalena Del Mar
koJ0nEDZvbk=,2016-09-10 01:47:36-05,5541,30.0,9.25038,20,LIMA,Magdalena Del Mar
mS0pu5pmRoA=,2016-07-31 16:40:42-05,5541,20.0,6.16692,56,LIMA,Magdalena Del Mar
nCHziF2AFgw=,2017-03-30 06:14:28-05,5541,20.0,6.16692,46,LIMA,Magdalena Del Mar
uCwVND6fymA=,2016-09-11 15:13:24-05,5541,4.3,1.3258878,42,LIMA,Magdalena Del Mar
KzxU7O08ZfQ=,2016-08-05 13:02:44-05,5541,14.72,4.53885312,55,LIMA,Magdalena Del Mar
ptJxvkAbKN0=,2016-10-18 00:04:00-05,5541,50.41,15.54372186,50,LIMA,Magdalena Del Mar
uCwVND6fymA=,2017-04-20 21:36:59-05,5541,2.9,0.8942034,42,LIMA,Magdalena Del Mar
FmXtT0awVv4=,2017-02-20 23:04:51-05,5541,10.0,3.08346,0,LIMA,Magdalena Del Mar
AcAKi1/YJMw=,2017-04-04 01:32:07-05,5541,21.0,6.475266,57,LIMA,Magdalena Del Mar
kCLkrDzgJBE=,2016-11-09 23:17:24-05,5541,31.0,9.558726,55,LIMA,Magdalena Del Mar
mZJm6AmVPmY=,2016-09-01 14:22:23-05,5541,130.0,40.08498,60,LIMA,Magdalena Del Mar
Qy1x02W8aQY=,2016-07-23 03:40:25-05,5541,19.3,5.9510778,26,LIMA,Magdalena Del Mar
WNbny6oa4D8=,2016-09-24 23:05:24-05,5541,30.0,9.25038,53,LIMA,Magdalena Del Mar
PKAqtvncr3E=,2016-07-16 15:18:00-05,5541,59.96,18.48842616,60,LIMA,Magdalena Del Mar
S0xYgZrxRQM=,2017-04-16 17:05:46-05,5541,321.42,99.10857132,48,LIMA,Magdalena Del Mar
KRTY2EzIi3o=,2016-10-27 20:48:45-05,5541,49.91,15.38954886,67,LIMA,Magdalena Del Mar
1BLbce+41AI=,2017-02-01 18:02:18-05,5541,14.0,4.316844,38,LIMA,Magdalena Del Mar
K65v/+FOITk=,2016-07-28 23:42:05-05,5541,16.2,4.9952052,46,LIMA,Magdalena Del Mar
nZcqhUpde3U=,2016-07-13 00:58:29-05,5541,15.0,4.62519,35,LIMA,Magdalena Del Mar
KRTY2EzIi3o=,2016-09-17 21:14:41-05,5541,40.0,12.33384,67,LIMA,Magdalena Del Mar
6ziZAk12YAE=,2017-03-04 14:12:14-05,5541,40.0,12.33384,39,LIMA,Magdalena Del Mar
HcGAvUz0eR8=,2016-07-08 13:03:28-05,5541,128.0,39.468288,43,LIMA,Magdalena Del Mar
nZcqhUpde3U=,2016-12-30 00:31:49-05,5541,5.6,1.7267376,35,LIMA,Magdalena Del Mar
4Y0X0INpz90=,2016-11-24 22:56:29-05,5541,20.0,6.16692,43,LIMA,Magdalena Del Mar
5JgCKkkBQno=,2016-12-19 17:13:08-05,5541,100.0,30.8346,44,LIMA,Magdalena Del Mar
nZcqhUpde3U=,2016-12-05 20:42:08-05,5541,1.9,0.5858574,35,LIMA,Magdalena Del Mar
8QvnM/ZBxXk=,2016-07-20 16:56:00-05,5541,100.0,30.8346,51,LIMA,Magdalena Del Mar
niSf/rkRjWQ=,2016-09-20 12:39:14-05,5541,100.0,30.8346,42,LIMA,Magdalena Del Mar
8gGY6Md/OH0=,2016-06-14 21:35:24-05,5541,50.0,15.4173,26,LIMA,Magdalena Del Mar
pmfKtxzOeE4=,2017-01-22 18:20:10-05,5541,30.0,9.25038,48,LIMA,Magdalena Del Mar
HcGAvUz0eR8=,2017-01-25 13:09:25-05,5541,16.2,4.9952052,43,LIMA,Magdalena Del Mar
z31jlvFzGgQ=,2017-05-02 05:06:02-05,5541,50.0,15.4173,20,LIMA,Magdalena Del Mar
/kJFOpwl2zI=,2017-01-21 13:53:40-05,5912,25.7,7.9244922,37,LIMA,San Juan De Miraflor
WFYgGE3tVts=,2017-04-09 00:14:57-05,5541,14.0,4.316844,0,LIMA,Magdalena Del Mar
NbZn6D90J4Q=,2017-02-27 17:38:10-05,5912,38.3,11.8096518,27,LIMA,San Juan De Miraflor
99M3rWNE1PE=,2017-04-08 16:34:59-05,5912,48.1,14.8314426,28,LIMA,San Juan De Miraflor
SiazeGcm9PU=,2017-03-15 23:13:35-05,5912,38.1,11.7479826,30,LIMA,San Juan De Miraflor
wwR/D+RNmsU=,2016-08-22 01:11:30-05,5912,18.5,5.704401,25,LIMA,San Juan De Miraflor
0/yc3NheVP0=,2016-11-14 22:54:02-05,5912,10.8,3.3301368,28,LIMA,San Juan De Miraflor
C+VqHkr8/JE=,2016-12-20 01:11:58-05,5912,16.4,5.0568744,0,LIMA,San Juan De Miraflor
LOSUeJ7oaEM=,2016-10-26 16:37:04-05,5912,16.9,5.2110474,32,LIMA,San Juan De Miraflor
Y8HjDIn4E2o=,2016-07-27 22:39:21-05,5912,14.0,4.316844,21,LIMA,San Juan De Miraflor
GRr9gpbMkus=,2017-01-09 07:39:18-05,5912,18.8,5.7969048,45,LIMA,San Juan De Miraflor
foJ+3A56v10=,2016-06-13 03:22:53-05,5912,83.1,25.6235526,31,LIMA,San Juan De Miraflor
+e24p0eP3OA=,2016-11-05 18:10:28-05,5912,67.8,20.9058588,28,LIMA,San Juan De Miraflor
4IwlCtIT5tY=,2016-12-07 01:53:36-05,5912,39.2,12.0871632,32,LIMA,San Juan De Miraflor
LvYVySJTu5w=,2017-05-17 13:29:51-05,5912,8.9,2.7442794,0,LIMA,San Juan De Miraflor
UTHdgGF0TZs=,2016-06-21 17:36:35-05,5912,45.2,13.9372392,29,LIMA,San Juan De Miraflor
M7mTicacJ+8=,2017-04-11 13:41:40-05,5912,22.9,7.0611234,51,LIMA,San Juan De Miraflor
ZzKcccTv5ro=,2016-07-28 01:08:23-05,5912,8.0,2.466768,60,LIMA,San Juan De Miraflor
k6QioWQSEQM=,2017-01-20 02:16:38-05,5912,25.6,7.8936576,63,LIMA,San Juan De Miraflor
To9S5vXFqxI=,2016-12-22 03:54:55-05,5912,126.8,39.0982728,54,LIMA,San Juan De Miraflor
C1TRR1azrY8=,2016-07-11 15:12:25-05,5912,7.0,2.158422,44,LIMA,San Juan De Miraflor
Pv4udzxBsBY=,2016-11-09 00:36:44-05,5912,14.5,4.471017,27,LIMA,San Juan De Miraflor
i6ArFohxoac=,2016-09-02 22:07:44-05,5912,13.3,4.1010018,26,LIMA,San Juan De Miraflor
rDRDqfmhgqA=,2016-12-07 01:26:08-05,5912,14.6,4.5018516,35,LIMA,San Juan De Miraflor
/oNfqT8uLbs=,2016-07-17 03:24:59-05,5912,58.4,18.0074064,36,LIMA,San Juan De Miraflor
R3EzRUNI+YA=,2016-11-05 21:36:28-05,5912,44.4,13.6905624,30,LIMA,San Juan De Miraflor
vIjm7h4XDMQ=,2017-01-18 16:08:43-05,5912,19.9,6.1360854,30,LIMA,San Juan De Miraflor
yrCR86bMjEw=,2017-05-09 20:45:34-05,5912,30.4,9.3737184,38,LIMA,San Juan De Miraflor
NZxNb/gTUJU=,2017-05-04 15:34:02-05,5912,15.0,4.62519,25,LIMA,San Juan De Miraflor
mM5c5iFsDeg=,2016-08-25 14:53:52-05,5912,62.0,19.117452,20,LIMA,San Juan De Miraflor
UTHdgGF0TZs=,2017-01-31 17:47:45-05,5912,94.1,29.0153586,29,LIMA,San Juan De Miraflor
bO0bgc64oDA=,2016-06-25 00:51:34-05,5912,24.0,7.400304,39,LIMA,San Juan De Miraflor
IM7VoqqH8CY=,2016-10-19 17:46:56-05,5912,36.6,11.2854636,27,LIMA,San Juan De Miraflor
UTHdgGF0TZs=,2016-11-28 22:54:01-05,5912,59.6,18.3774216,29,LIMA,San Juan De Miraflor
Vid5+0SIigc=,2016-07-27 22:25:45-05,5912,53.0,16.342338,30,LIMA,San Juan De Miraflor
BM8Gsmqj+oc=,2016-07-05 23:18:04-05,5912,43.5,13.413051,31,LIMA,San Juan De Miraflor
NLoBLIQUp+8=,2016-12-05 23:21:06-05,5912,9.9,3.0526254,40,LIMA,San Juan De Miraflor
UTHdgGF0TZs=,2017-02-04 17:31:28-05,5912,44.3,13.6597278,29,LIMA,San Juan De Miraflor
dlJW1VBG9Nc=,2016-10-12 00:03:22-05,5912,38.0,11.717148,43,LIMA,San Juan De Miraflor
XODlWPZnOr8=,2016-06-10 13:52:50-05,5912,37.5,11.562975,63,LIMA,San Juan De Miraflor
zVdLTra60/c=,2017-03-17 14:35:32-05,5912,75.3,23.2184538,26,LIMA,San Juan De Miraflor
xgnnGudPjQg=,2017-02-13 23:27:32-05,5912,122.1,37.6490466,51,LIMA,San Juan De Miraflor
El7s0qrDVu0=,2017-02-03 19:29:23-05,5912,7.3,2.2509258,54,LIMA,San Juan De Miraflor
rDRDqfmhgqA=,2016-07-09 00:32:01-05,5912,19.9,6.1360854,35,LIMA,San Juan De Miraflor
08jBOYu8hkw=,2016-09-09 02:50:20-05,5912,23.2,7.1536272,27,LIMA,San Juan De Miraflor
hfIYb7A+epg=,2016-07-23 17:43:02-05,5912,20.6,6.3519276,24,LIMA,San Juan De Miraflor
+dJnKWC/i/M=,2017-01-26 22:16:16-05,5912,71.1,21.9234006,72,LIMA,San Juan De Miraflor
1cOnCibW3lk=,2017-03-25 22:23:07-05,5912,31.4,9.6820644,66,LIMA,San Juan De Miraflor
icnub3BUq3I=,2016-12-03 15:29:42-05,5912,15.0,4.62519,25,LIMA,San Juan De Miraflor
wZuPgE7Q5yQ=,2017-04-01 16:19:30-05,5912,26.4,8.1403344,48,LIMA,San Juan De Miraflor
nKoKYHDQGJY=,2016-09-30 01:17:48-05,5912,10.4,3.2067984,47,LIMA,San Juan De Miraflor
NZxNb/gTUJU=,2017-05-04 16:05:10-05,5912,20.3,6.2594238,25,LIMA,San Juan De Miraflor
wZuPgE7Q5yQ=,2016-09-25 03:34:12-05,5912,36.6,11.2854636,48,LIMA,San Juan De Miraflor
8ytztFwXrwg=,2017-01-23 23:19:58-05,5912,16.7,5.1493782,62,LIMA,San Juan De Miraflor
QvT+hA8+TME=,2017-05-08 21:56:08-05,5912,178.9,55.1630994,42,LIMA,San Juan De Miraflor
GBiCITqicPY=,2016-11-27 03:07:04-05,5912,5.0,1.54173,0,LIMA,San Juan De Miraflor
8ytztFwXrwg=,2017-01-23 16:32:34-05,5912,35.8,11.0387868,62,LIMA,San Juan De Miraflor
fPXeCk0JnRQ=,2016-12-22 01:38:36-05,5912,35.6,10.9771176,32,LIMA,San Juan De Miraflor
PsCLKoFmIT8=,2016-10-19 14:05:07-05,5912,15.7,4.8410322,31,LIMA,San Juan De Miraflor
YHcKtW6FT38=,2016-08-16 22:09:57-05,5912,5.2,1.6033992,34,LIMA,San Juan De Miraflor
JyKmgoekvw0=,2016-08-27 16:44:00-05,5912,25.4,7.8319884,31,LIMA,San Juan De Miraflor
LHjLP0b2EYY=,2016-07-18 19:49:14-05,5912,179.4,55.3172724,45,LIMA,San Juan De Miraflor
mKcjuB5srl4=,2016-07-09 23:37:07-05,7832,21.0,6.475266,34,LIMA,Santiago De Surco
9Ogda0m0B6U=,2017-03-03 23:56:36-05,5912,15.0,4.62519,0,LIMA,San Juan De Miraflor
B2ske+iQZ1s=,2017-03-14 21:42:59-05,5912,30.2,9.3120492,25,LIMA,San Juan De Miraflor
wZuPgE7Q5yQ=,2017-02-12 15:51:49-05,5912,45.5,14.029743,48,LIMA,San Juan De Miraflor
Pz/tBr2ky8o=,2017-02-10 14:58:23-05,5912,28.2,8.6953572,0,LIMA,San Juan De Miraflor
vUVK9Fhj1xw=,2017-01-11 14:56:21-05,5912,32.6,10.0520796,30,LIMA,San Juan De Miraflor
BzUnrfxZ5+w=,2016-11-14 21:47:30-05,5912,285.6,88.0636176,33,LIMA,San Juan De Miraflor
c++zKioy/ko=,2016-07-17 22:39:01-05,5912,43.7,13.4747202,27,LIMA,San Juan De Miraflor
NN+oN4+Y3bg=,2016-09-08 20:54:01-05,5912,47.6,14.6772696,0,LIMA,San Juan De Miraflor
EjThhE7NU+4=,2017-05-15 22:34:27-05,5912,20.1,6.1977546,35,LIMA,San Juan De Miraflor
cdpnUMysKVo=,2017-01-18 22:04:25-05,5912,37.0,11.408802,0,LIMA,San Juan De Miraflor
oIIQlBlKAQk=,2016-10-03 18:07:04-05,5912,14.5,4.471017,0,LIMA,San Juan De Miraflor
SJxwInmZx2k=,2016-08-10 19:05:29-05,5912,44.4,13.6905624,31,LIMA,San Juan De Miraflor
DBpkx3TN1qw=,2017-04-12 18:04:11-05,5912,29.6,9.1270416,51,LIMA,San Juan De Miraflor
LIJhpkPSkUY=,2016-12-14 13:44:11-05,5912,32.0,9.867072,66,LIMA,San Juan De Miraflor
gaVbfZ5RmOU=,2016-06-15 15:59:09-05,5912,78.9,24.3284994,31,LIMA,San Juan De Miraflor
JmnRZGGPVHE=,2016-08-21 23:05:53-05,5211,34.74,10.71194004,22,LIMA,San Juan De Miraflor
DBpkx3TN1qw=,2017-04-10 00:34:01-05,5912,8.2,2.5284372,51,LIMA,San Juan De Miraflor
bhXpSBOgvso=,2017-05-29 00:27:33-05,5912,110.0,33.91806,27,LIMA,San Juan De Miraflor
+qQ0UTsPgRs=,2016-08-09 20:54:38-05,5211,188.8,58.2157248,0,LIMA,San Juan De Miraflor
lOXj5nd8WhM=,2017-01-26 19:22:06-05,5211,2390.91,737.22753486,0,LIMA,San Juan De Miraflor
bFtsfTItJms=,2016-11-25 01:59:26-05,5211,24908.96,7680.57818016,45,LIMA,San Juan De Miraflor
gw2I/9SYPNc=,2017-02-09 18:14:58-05,5211,50.57,15.59305722,40,LIMA,San Juan De Miraflor
lOXj5nd8WhM=,2017-02-11 18:31:52-05,5211,1402.63,432.49534998,0,LIMA,San Juan De Miraflor
e29JHKQ95zY=,2016-11-12 18:14:11-05,5211,103.58,31.93847868,39,LIMA,San Juan De Miraflor
J7IljzPGnDs=,2017-03-11 19:27:35-05,5211,2514.5,775.336017,33,LIMA,San Juan De Miraflor
SIx55pyFFuo=,2017-04-15 16:55:15-05,5211,178.98,55.18776708,50,LIMA,San Juan De Miraflor
kVYQovhLBTo=,2017-02-08 18:07:09-05,5211,315.41,97.25541186,30,LIMA,San Juan De Miraflor
gw2I/9SYPNc=,2017-01-14 23:19:38-05,5211,3933.42,1212.85432332,40,LIMA,San Juan De Miraflor
guKzC5b2eAc=,2017-03-22 22:48:04-05,5211,85.66,26.41291836,37,LIMA,San Juan De Miraflor
Tp4vmPt49I8=,2016-08-16 22:11:49-05,5211,328.2,101.1991572,0,LIMA,San Juan De Miraflor
eQPN73Ht4g8=,2017-04-05 23:49:54-05,5211,44.21,13.63197666,33,LIMA,San Juan De Miraflor
/lH+C281q1Y=,2017-03-06 20:17:05-05,5211,201.41,62.10396786,37,LIMA,San Juan De Miraflor
cGPb0wfEa3k=,2017-01-03 22:02:52-05,5211,563.89,173.87322594,0,LIMA,San Juan De Miraflor
lan4T2ylutg=,2016-11-19 16:15:02-05,5211,378.0,116.554788,43,LIMA,San Juan De Miraflor
EP2HBIJm+c4=,2016-09-10 16:58:34-05,5211,95.2,29.3545392,37,LIMA,San Juan De Miraflor
cWeYPz/qPrQ=,2016-07-20 17:29:38-05,5211,99.9,30.8037654,0,LIMA,San Juan De Miraflor
uY1Ctt74SoY=,2016-06-24 21:52:13-05,5211,1771.52,546.24110592,39,LIMA,San Juan De Miraflor
H4twBQ1jqtQ=,2016-07-19 15:55:01-05,5211,879.14,271.07930244,40,LIMA,San Juan De Miraflor
uuyQ6u7r5gk=,2017-04-11 18:38:08-05,5211,4788.91,1476.64124286,39,LIMA,San Juan De Miraflor
gRjLn+l+hzk=,2016-08-22 11:23:57-05,5211,809.04,249.46424784,0,LIMA,San Juan De Miraflor
+oYGo0+douE=,2016-11-05 23:47:34-05,5211,2043.2,630.0125472,36,LIMA,San Juan De Miraflor
NFHLNkaxdx0=,2017-03-31 23:22:43-05,5211,199.9,61.6383654,66,LIMA,San Juan De Miraflor
k4gxgPuWARo=,2016-07-11 01:06:38-05,5211,38832.7,11973.9077142,0,LIMA,San Juan De Miraflor
q+8Hzk8UcY8=,2016-06-20 16:37:16-05,5211,11.29,3.48122634,46,LIMA,San Juan De Miraflor
DNy7WptA7Ko=,2016-12-11 17:22:02-05,5211,156.5,48.256149,34,LIMA,San Juan De Miraflor
eTmXAeBFljk=,2016-06-01 13:21:46-05,5211,350.0,107.9211,56,LIMA,San Juan De Miraflor
UAPds6rqWhQ=,2017-02-06 01:21:58-05,5211,111.56,34.39907976,38,LIMA,San Juan De Miraflor
OERkYEhdmik=,2016-12-30 21:55:32-05,5211,3158.43,973.88925678,44,LIMA,San Juan De Miraflor
6l9LtSnX0jM=,2017-01-10 23:58:44-05,5211,1314.41,405.29306586,0,LIMA,San Juan De Miraflor
Gz0IgsbUozk=,2016-10-18 21:50:56-05,5211,421.8,130.0603428,32,LIMA,San Juan De Miraflor
uCNCXOkOg5c=,2016-07-13 00:09:08-05,5211,12.91,3.98074686,38,LIMA,San Juan De Miraflor
6l9LtSnX0jM=,2017-01-21 23:30:43-05,5211,269.78,83.18558388,0,LIMA,San Juan De Miraflor
uCNCXOkOg5c=,2016-07-13 00:13:17-05,5211,32.55,10.0366623,38,LIMA,San Juan De Miraflor
uCNCXOkOg5c=,2016-07-16 17:02:30-05,5211,5.91,1.82232486,38,LIMA,San Juan De Miraflor
KxpT5FzP/nc=,2017-01-30 01:20:20-05,5211,588.08,181.33211568,30,LIMA,San Juan De Miraflor
5fnx8j+s8uw=,2016-07-05 21:40:54-05,5211,734.03,226.33521438,36,LIMA,San Juan De Miraflor
NFHLNkaxdx0=,2017-05-19 21:49:19-05,5211,66.9,20.6283474,66,LIMA,San Juan De Miraflor
H4twBQ1jqtQ=,2017-01-05 15:03:57-05,5211,196.79,60.67940934,40,LIMA,San Juan De Miraflor
qjJM5uaPFVU=,2016-08-29 23:52:54-05,5211,36.46,11.24229516,49,LIMA,San Juan De Miraflor
+Ass7mRWqN4=,2017-04-08 18:49:06-05,5211,349.59,107.79467814,34,LIMA,San Juan De Miraflor
+oYGo0+douE=,2017-01-28 17:57:56-05,5211,22.8,7.0302888,36,LIMA,San Juan De Miraflor
qjJM5uaPFVU=,2017-03-02 23:30:54-05,5211,1313.96,405.15431016,49,LIMA,San Juan De Miraflor
qjJM5uaPFVU=,2017-03-02 00:22:55-05,5211,182.55,56.2885623,49,LIMA,San Juan De Miraflor
UAPds6rqWhQ=,2017-01-19 00:22:20-05,5211,2207.01,680.52270546,38,LIMA,San Juan De Miraflor
+Ass7mRWqN4=,2017-03-06 02:01:09-05,5211,6431.0,1982.973126,34,LIMA,San Juan De Miraflor
6MH38ARN1pA=,2016-11-11 21:23:16-05,5211,2114.02,651.84961092,35,LIMA,San Juan De Miraflor
6KF0ZoVISFI=,2016-06-11 15:19:06-05,5211,549.9,169.5594654,50,LIMA,San Juan De Miraflor
qQ8fqMlu0d0=,2016-06-10 17:41:02-05,5211,497.5,153.402135,35,LIMA,San Juan De Miraflor
kU6OrrQuOds=,2016-12-20 00:30:00-05,5211,135.4,41.7500484,60,LIMA,San Juan De Miraflor
UOh6p0Ke2Ys=,2017-02-23 21:39:40-05,5211,604.8,186.4876608,41,LIMA,San Juan De Miraflor
+O4Gtel2bz8=,2017-03-15 21:16:07-05,5211,941.6,290.3385936,41,LIMA,San Juan De Miraflor
Z2qiAqBcl/I=,2016-12-24 15:19:47-05,5211,14.5,4.471017,26,LIMA,San Juan De Miraflor
7d8amOCE72U=,2016-11-09 18:19:07-05,5211,323.55,99.7653483,0,LIMA,San Juan De Miraflor
6C1gmTwyCao=,2016-08-31 00:32:36-05,5211,148.2,45.6968772,23,LIMA,San Juan De Miraflor
+O4Gtel2bz8=,2017-02-21 16:53:02-05,5211,1210.2,373.1603292,41,LIMA,San Juan De Miraflor
/FxQChoj2yc=,2017-03-31 23:03:08-05,5211,27.34,8.43017964,38,LIMA,San Juan De Miraflor
deO5xEKvGLo=,2016-11-30 23:03:27-05,5211,100.89,31.10902794,0,LIMA,San Juan De Miraflor
Ko59YlYeymQ=,2016-11-27 20:17:48-05,5211,526.9,162.4675074,77,LIMA,San Juan De Miraflor
pIVwkBWmTts=,2016-12-15 17:29:39-05,5211,118.66,36.58833636,63,LIMA,San Juan De Miraflor
+O4Gtel2bz8=,2017-02-01 15:54:46-05,5211,153.39,47.29719294,41,LIMA,San Juan De Miraflor
Qm4lmVdOkbw=,2017-03-06 18:16:38-05,5211,742.41,228.91915386,29,LIMA,San Juan De Miraflor
qQ8fqMlu0d0=,2016-06-22 22:53:48-05,5211,819.58,252.71421468,35,LIMA,San Juan De Miraflor
AaAzgQ/DZGc=,2016-12-30 17:29:08-05,5211,110.71,34.13698566,40,LIMA,San Juan De Miraflor
+O4Gtel2bz8=,2016-06-24 17:46:34-05,5211,1260.8,388.7626368,41,LIMA,San Juan De Miraflor
qjJM5uaPFVU=,2017-02-11 00:58:19-05,5211,197.9,61.0216734,49,LIMA,San Juan De Miraflor
SfZZp0FBTes=,2016-08-15 01:37:20-05,5211,557.51,171.90597846,40,LIMA,San Juan De Miraflor
5kfSae0pUwg=,2016-11-30 16:22:31-05,5211,169.0,52.110474,53,LIMA,San Juan De Miraflor
6MH38ARN1pA=,2016-11-22 23:42:12-05,5211,32.85,10.1291661,35,LIMA,San Juan De Miraflor
oxR2YRw1szk=,2017-01-08 17:52:17-05,5211,769.44,237.25374624,41,LIMA,San Juan De Miraflor
