Servicio BN,Motivo BN,Canal Incidencia SBS,Servicio SBS,Motivo SBS,Canal Incidencia,Servicio,Motivo
0100,010000,01,102,01,OFICINA,CUENTA DE AHORRO (DESTINADA A DEPÓSITO DE REMUNERACIONES),"INCUMPLIMIENTO DE CLAUSULAS DE LOS CONTRATOS, POLIZAS, CONDICIONES, ACUERDOS"
0100,020000,01,102,02,OFICINA,CUENTA DE AHORRO (DESTINADA A DEPÓSITO DE REMUNERACIONES),"INADECUADA O INSUFICIENTE INFORMACION SOBRE OPERACIONES, PRODUCTOS Y/O SERVICIOS"
0100,030000,01,102,03,OFICINA,CUENTA DE AHORRO (DESTINADA A DEPÓSITO DE REMUNERACIONES),"COBRO INDEBIDO DE INTERESES,COMISIONES,PORTES,TARIFAS Y OTROS CARGOS  * general"
0100,030001,01,102,03,OFICINA,CUENTA DE AHORRO (DESTINADA A DEPÓSITO DE REMUNERACIONES),"COBRO INDEBIDO DE INTERESES,COMISIONES,PORTES,TARIFAS Y OTROS CARGOS  * general"
0100,030002,01,102,03,OFICINA,CUENTA DE AHORRO (DESTINADA A DEPÓSITO DE REMUNERACIONES),"COBRO INDEBIDO DE INTERESES,COMISIONES,PORTES,TARIFAS Y OTROS CARGOS  * general"
0100,040000,01,102,04,OFICINA,CUENTA DE AHORRO (DESTINADA A DEPÓSITO DE REMUNERACIONES),"MODIFICACION INDEBIDA DE LAS TASAS DE INTERESES, COMISIONES U OTRAS CONDICIONES PACTADAS"
0100,060100,01,102,06,OFICINA,CUENTA DE AHORRO (DESTINADA A DEPÓSITO DE REMUNERACIONES),TRANSACCION NO PROCESADA / MAL REALIZADA
0100,070000,01,102,07,OFICINA,CUENTA DE AHORRO (DESTINADA A DEPÓSITO DE REMUNERACIONES),RETENCIONES INDEBIDAS (JUDICIALES Y/O COACTIVAS)
0100,080000,01,102,08,OFICINA,CUENTA DE AHORRO (DESTINADA A DEPÓSITO DE REMUNERACIONES),CANCELACION DE CUENTA
0100,150000,01,102,15,OFICINA,CUENTA DE AHORRO (DESTINADA A DEPÓSITO DE REMUNERACIONES),"PROBLEM. CON TARJETA DEBITO / CREDITO (RETENIDA, DESACTIVADA, BLOQUEADA, ANULADA, CANCELADA)"
0100,170000,01,102,17,OFICINA,CUENTA DE AHORRO (DESTINADA A DEPÓSITO DE REMUNERACIONES),INCUMPLIMIENTO DEL SECRETO BANCARIO
0100,180000,01,102,18,OFICINA,CUENTA DE AHORRO (DESTINADA A DEPÓSITO DE REMUNERACIONES),"OPERACIONES EN CUENTA NO RECONOCIDAS (CONSUMOS,DISPOSICIONES,RETIROS,CARGOS Y ABONOS) "
0100,180001,01,102,18,OFICINA,CUENTA DE AHORRO (DESTINADA A DEPÓSITO DE REMUNERACIONES),"OPERACIONES EN CUENTA NO RECONOCIDAS (CONSUMOS,DISPOSICIONES,RETIROS,CARGOS Y ABONOS) "
0100,190000,01,102,19,OFICINA,CUENTA DE AHORRO (DESTINADA A DEPÓSITO DE REMUNERACIONES),"DEMORA O INCUMPLIM.DE ENVIO DE CORRESPOND. (ESTAD. DE CTA., NOTAS DE CARGO, CRONOG. DE PAGOS, ETC.)"
0100,210000,01,102,21,OFICINA,CUENTA DE AHORRO (DESTINADA A DEPÓSITO DE REMUNERACIONES),PUBLICIDAD ENGAÑOSA O INFORMACIÓN QUE INDUCE A ERROR
0100,270000,01,102,27,OFICINA,CUENTA DE AHORRO (DESTINADA A DEPÓSITO DE REMUNERACIONES),DEMORA O INCUMPLIMIENTO EN LA DEVOLUCION DE DOCUMENTOS VALORADOS (TITULOS VALORES)
0100,280800,01,102,28,OFICINA,CUENTA DE AHORRO (DESTINADA A DEPÓSITO DE REMUNERACIONES),PRCA - NO DISPENSÓ EFECTIVO Y/O VOUCHER
0100,290000,01,102,29,OFICINA,CUENTA DE AHORRO (DESTINADA A DEPÓSITO DE REMUNERACIONES),ENTREGA DE BILLETES FALSOS
0100,300000,01,102,30,OFICINA,CUENTA DE AHORRO (DESTINADA A DEPÓSITO DE REMUNERACIONES),FALLAS DEL SISTEMA INFORMATICO QUE DIFICULTAN OPERACIONES Y SERVICIOS
0100,330000,01,102,33,OFICINA,CUENTA DE AHORRO (DESTINADA A DEPÓSITO DE REMUNERACIONES),DIFUSION DE INFORMACION DE OPERACIONES SIN AUTORIZACION DEL USUARIO
0100,340000,01,102,34,OFICINA,CUENTA DE AHORRO (DESTINADA A DEPÓSITO DE REMUNERACIONES),ERROR EN LOS DATOS DEL USUARIO REGISTRADOS EN LA EMPRESA
0100,380001,01,102,38,OFICINA,CUENTA DE AHORRO (DESTINADA A DEPÓSITO DE REMUNERACIONES),PRCAOE - NO DISPENSO EFECTIVO O VOUCHER
0100,390000,01,102,39,OFICINA,CUENTA DE AHORRO (DESTINADA A DEPÓSITO DE REMUNERACIONES),INADECUADA ATENCION AL USUARIO
0100,390001,01,102,39,OFICINA,CUENTA DE AHORRO (DESTINADA A DEPÓSITO DE REMUNERACIONES),INADECUADA ATENCION AL USUARIO
0100,390002,01,102,39,OFICINA,CUENTA DE AHORRO (DESTINADA A DEPÓSITO DE REMUNERACIONES),INADECUADA ATENCION AL USUARIO
0100,700004,01,102,06,OFICINA,CUENTA DE AHORRO (DESTINADA A DEPÓSITO DE REMUNERACIONES),TRANSACCION NO PROCESADA / MAL REALIZADA
0100,700007,01,102,06,OFICINA,CUENTA DE AHORRO (DESTINADA A DEPÓSITO DE REMUNERACIONES),TRANSACCION NO PROCESADA / MAL REALIZADA
0100,700009,01,102,03,OFICINA,CUENTA DE AHORRO (DESTINADA A DEPÓSITO DE REMUNERACIONES),"COBRO INDEBIDO DE INTERESES,COMISIONES,PORTES,TARIFAS Y OTROS CARGOS  * general"
0100,990200,01,102,999,OFICINA,CUENTA DE AHORRO (DESTINADA A DEPÓSITO DE REMUNERACIONES),OTMV - VIGILANCIA DE CUENTA
0200,020000,01,02,02,OFICINA,CUENTA CORRIENTE,"INADECUADA O INSUFICIENTE INFORMACION SOBRE OPERACIONES, PRODUCTOS Y/O SERVICIOS"
0200,030000,01,02,03,OFICINA,CUENTA CORRIENTE,"COBRO INDEBIDO DE INTERESES,COMISIONES,PORTES,TARIFAS Y OTROS CARGOS  * general"
0200,050000,01,02,06,OFICINA,CUENTA CORRIENTE,TRANSACCION NO PROCESADA / MAL REALIZADA
0200,060100,01,02,06,OFICINA,CUENTA CORRIENTE,TRANSACCION NO PROCESADA / MAL REALIZADA
0200,070000,01,02,07,OFICINA,CUENTA CORRIENTE,RETENCIONES INDEBIDAS (JUDICIALES Y/O COACTIVAS)
0200,080000,01,02,08,OFICINA,CUENTA CORRIENTE,CANCELACION DE CUENTA
0200,090000,01,02,09,OFICINA,CUENTA CORRIENTE,"PROBLEMAS CON CHEQUES (MAL EMITIDOS,RECHAZADOS,DUPLICADOS,FALSOS)"
0200,180000,01,02,18,OFICINA,CUENTA CORRIENTE,"OPERACIONES EN CUENTA NO RECONOCIDAS (CONSUMOS,DISPOSICIONES,RETIROS,CARGOS Y ABONOS) "
0200,190000,01,02,19,OFICINA,CUENTA CORRIENTE,"DEMORA O INCUMPLIM.DE ENVIO DE CORRESPOND. (ESTAD. DE CTA., NOTAS DE CARGO, CRONOG. DE PAGOS, ETC.)"
0200,270000,01,02,27,OFICINA,CUENTA CORRIENTE,DEMORA O INCUMPLIMIENTO EN LA DEVOLUCION DE DOCUMENTOS VALORADOS (TITULOS VALORES)
0200,280800,01,02,28,OFICINA,CUENTA CORRIENTE,PRCA - NO DISPENSÓ EFECTIVO Y/O VOUCHER
0200,300000,01,02,30,OFICINA,CUENTA CORRIENTE,FALLAS DEL SISTEMA INFORMATICO QUE DIFICULTAN OPERACIONES Y SERVICIOS
0200,330000,01,02,33,OFICINA,CUENTA CORRIENTE,DIFUSION DE INFORMACION DE OPERACIONES SIN AUTORIZACION DEL USUARIO
0200,340000,01,02,34,OFICINA,CUENTA CORRIENTE,ERROR EN LOS DATOS DEL USUARIO REGISTRADOS EN LA EMPRESA
0200,390000,01,02,39,OFICINA,CUENTA CORRIENTE,INADECUADA ATENCION AL USUARIO
0200,700007,01,02,06,OFICINA,CUENTA CORRIENTE,TRANSACCION NO PROCESADA / MAL REALIZADA
0301,020000,02,29,02,Cajero automático,SERVICIOS VARIOS   ,"INADECUADA O INSUFICIENTE INFORMACION SOBRE OPERACIONES, PRODUCTOS Y/O SERVICIOS"
0301,030000,02,29,03,Cajero automático,SERVICIOS VARIOS   ,"COBRO INDEBIDO DE INTERESES,COMISIONES,PORTES,TARIFAS Y OTROS CARGOS  * general"
0301,060100,02,29,06,Cajero automático,SERVICIOS VARIOS   ,TRANSACCION NO PROCESADA / MAL REALIZADA
0301,180000,02,29,18,Cajero automático,SERVICIOS VARIOS   ,"OPERACIONES EN CUENTA NO RECONOCIDAS (CONSUMOS,DISPOSICIONES,RETIROS,CARGOS Y ABONOS) "
0301,280000,02,29,28,Cajero automático,SERVICIOS VARIOS   ,PRCA - NO DISPENSÓ EFECTIVO Y/O VOUCHER
0301,280005,02,29,28,Cajero automático,SERVICIOS VARIOS   ,PRCA - NO DISPENSÓ EFECTIVO Y/O VOUCHER
0301,280800,02,29,28,Cajero automático,SERVICIOS VARIOS   ,PRCA - NO DISPENSÓ EFECTIVO Y/O VOUCHER
0301,300000,02,29,30,Cajero automático,SERVICIOS VARIOS   ,FALLAS DEL SISTEMA INFORMATICO QUE DIFICULTAN OPERACIONES Y SERVICIOS
0301,340000,02,29,34,Cajero automático,SERVICIOS VARIOS   ,ERROR EN LOS DATOS DEL USUARIO REGISTRADOS EN LA EMPRESA
0301,390000,02,29,39,Cajero automático,SERVICIOS VARIOS   ,INADECUADA ATENCION AL USUARIO
0301,700001,02,29,28,Cajero automático,SERVICIOS VARIOS   ,PRCA - NO DISPENSÓ EFECTIVO Y/O VOUCHER
0301,700004,06,29,06,CAJEROS CORRESPONSALES,SERVICIOS VARIOS   ,TRANSACCION NO PROCESADA / MAL REALIZADA
0301,700005,06,29,18,CAJEROS CORRESPONSALES,SERVICIOS VARIOS   ,"OPERACIONES EN CUENTA NO RECONOCIDAS (CONSUMOS,DISPOSICIONES,RETIROS,CARGOS Y ABONOS) "
0301,700007,01,29,06,OFICINA,SERVICIOS VARIOS   ,TRANSACCION NO PROCESADA / MAL REALIZADA
0301,700008,01,29,18,OFICINA,SERVICIOS VARIOS   ,"OPERACIONES EN CUENTA NO RECONOCIDAS (CONSUMOS,DISPOSICIONES,RETIROS,CARGOS Y ABONOS) "
0301,700009,01,29,03,OFICINA,SERVICIOS VARIOS   ,"COBRO INDEBIDO DE INTERESES,COMISIONES,PORTES,TARIFAS Y OTROS CARGOS  * general"
0302,020000,06,29,02,CAJEROS CORRESPONSALES,SERVICIOS VARIOS   ,"INADECUADA O INSUFICIENTE INFORMACION SOBRE OPERACIONES, PRODUCTOS Y/O SERVICIOS"
0302,030000,06,29,03,CAJEROS CORRESPONSALES,SERVICIOS VARIOS   ,"COBRO INDEBIDO DE INTERESES,COMISIONES,PORTES,TARIFAS Y OTROS CARGOS  * general"
0302,060100,06,29,06,CAJEROS CORRESPONSALES,SERVICIOS VARIOS   ,TRANSACCION NO PROCESADA / MAL REALIZADA
0302,280800,06,29,28,CAJEROS CORRESPONSALES,SERVICIOS VARIOS   ,PRCA - NO DISPENSÓ EFECTIVO Y/O VOUCHER
0302,300000,06,29,30,CAJEROS CORRESPONSALES,SERVICIOS VARIOS   ,FALLAS DEL SISTEMA INFORMATICO QUE DIFICULTAN OPERACIONES Y SERVICIOS
0302,340000,06,29,34,CAJEROS CORRESPONSALES,SERVICIOS VARIOS   ,ERROR EN LOS DATOS DEL USUARIO REGISTRADOS EN LA EMPRESA
0302,390000,06,29,39,CAJEROS CORRESPONSALES,SERVICIOS VARIOS   ,INADECUADA ATENCION AL USUARIO
0302,390002,06,29,39,CAJEROS CORRESPONSALES,SERVICIOS VARIOS   ,INADECUADA ATENCION AL USUARIO
0302,700001,02,29,28,Cajero automático,SERVICIOS VARIOS   ,PRCA - NO DISPENSÓ EFECTIVO Y/O VOUCHER
0302,700002,02,29,18,Cajero automático,SERVICIOS VARIOS   ,"OPERACIONES EN CUENTA NO RECONOCIDAS (CONSUMOS,DISPOSICIONES,RETIROS,CARGOS Y ABONOS) "
0302,700004,06,29,06,CAJEROS CORRESPONSALES,SERVICIOS VARIOS   ,TRANSACCION NO PROCESADA / MAL REALIZADA
0302,700005,06,29,18,CAJEROS CORRESPONSALES,SERVICIOS VARIOS   ,"OPERACIONES EN CUENTA NO RECONOCIDAS (CONSUMOS,DISPOSICIONES,RETIROS,CARGOS Y ABONOS) "
0302,700006,06,29,03,CAJEROS CORRESPONSALES,SERVICIOS VARIOS   ,"COBRO INDEBIDO DE INTERESES,COMISIONES,PORTES,TARIFAS Y OTROS CARGOS  * general"
0302,700007,01,29,06,OFICINA,SERVICIOS VARIOS   ,TRANSACCION NO PROCESADA / MAL REALIZADA
0302,700008,01,29,18,OFICINA,SERVICIOS VARIOS   ,"OPERACIONES EN CUENTA NO RECONOCIDAS (CONSUMOS,DISPOSICIONES,RETIROS,CARGOS Y ABONOS) "
0302,700009,01,29,03,OFICINA,SERVICIOS VARIOS   ,"COBRO INDEBIDO DE INTERESES,COMISIONES,PORTES,TARIFAS Y OTROS CARGOS  * general"
0303,020000,02,29,02,Cajero automático,SERVICIOS VARIOS   ,"INADECUADA O INSUFICIENTE INFORMACION SOBRE OPERACIONES, PRODUCTOS Y/O SERVICIOS"
0303,030000,02,29,03,Cajero automático,SERVICIOS VARIOS   ,"COBRO INDEBIDO DE INTERESES,COMISIONES,PORTES,TARIFAS Y OTROS CARGOS  * general"
0303,060100,02,29,06,Cajero automático,SERVICIOS VARIOS   ,TRANSACCION NO PROCESADA / MAL REALIZADA
0303,180000,02,29,18,Cajero automático,SERVICIOS VARIOS   ,"OPERACIONES EN CUENTA NO RECONOCIDAS (CONSUMOS,DISPOSICIONES,RETIROS,CARGOS Y ABONOS) "
0303,300000,02,29,30,Cajero automático,SERVICIOS VARIOS   ,FALLAS DEL SISTEMA INFORMATICO QUE DIFICULTAN OPERACIONES Y SERVICIOS
0303,340000,02,29,34,Cajero automático,SERVICIOS VARIOS   ,ERROR EN LOS DATOS DEL USUARIO REGISTRADOS EN LA EMPRESA
0303,390000,02,29,39,Cajero automático,SERVICIOS VARIOS   ,INADECUADA ATENCION AL USUARIO
0303,390002,02,29,39,Cajero automático,SERVICIOS VARIOS   ,INADECUADA ATENCION AL USUARIO
0303,700001,02,29,28,Cajero automático,SERVICIOS VARIOS   ,PRCA - NO DISPENSÓ EFECTIVO Y/O VOUCHER
0303,700004,06,29,06,CAJEROS CORRESPONSALES,SERVICIOS VARIOS   ,TRANSACCION NO PROCESADA / MAL REALIZADA
0303,700005,06,29,18,CAJEROS CORRESPONSALES,SERVICIOS VARIOS   ,"OPERACIONES EN CUENTA NO RECONOCIDAS (CONSUMOS,DISPOSICIONES,RETIROS,CARGOS Y ABONOS) "
0303,700007,01,29,06,OFICINA,SERVICIOS VARIOS   ,TRANSACCION NO PROCESADA / MAL REALIZADA
0303,700008,01,29,18,OFICINA,SERVICIOS VARIOS   ,"OPERACIONES EN CUENTA NO RECONOCIDAS (CONSUMOS,DISPOSICIONES,RETIROS,CARGOS Y ABONOS) "
0303,700009,01,29,03,OFICINA,SERVICIOS VARIOS   ,"COBRO INDEBIDO DE INTERESES,COMISIONES,PORTES,TARIFAS Y OTROS CARGOS  * general"
0304,010000,02,29,01,Cajero automático,SERVICIOS VARIOS   ,"INCUMPLIMIENTO DE CLAUSULAS DE LOS CONTRATOS, POLIZAS, CONDICIONES, ACUERDOS"
0304,020000,02,29,02,Cajero automático,SERVICIOS VARIOS   ,"INADECUADA O INSUFICIENTE INFORMACION SOBRE OPERACIONES, PRODUCTOS Y/O SERVICIOS"
0304,030000,02,29,03,Cajero automático,SERVICIOS VARIOS   ,"COBRO INDEBIDO DE INTERESES,COMISIONES,PORTES,TARIFAS Y OTROS CARGOS  * general"
0304,030001,02,29,03,Cajero automático,SERVICIOS VARIOS   ,"COBRO INDEBIDO DE INTERESES,COMISIONES,PORTES,TARIFAS Y OTROS CARGOS  * general"
0304,060100,02,29,06,Cajero automático,SERVICIOS VARIOS   ,TRANSACCION NO PROCESADA / MAL REALIZADA
0304,180000,02,29,18,Cajero automático,SERVICIOS VARIOS   ,"OPERACIONES EN CUENTA NO RECONOCIDAS (CONSUMOS,DISPOSICIONES,RETIROS,CARGOS Y ABONOS) "
0304,280000,02,29,28,Cajero automático,SERVICIOS VARIOS   ,PRCA - NO DISPENSÓ EFECTIVO Y/O VOUCHER
0304,280005,02,29,28,Cajero automático,SERVICIOS VARIOS   ,PRCA - NO DISPENSÓ EFECTIVO Y/O VOUCHER
0304,280800,02,29,28,Cajero automático,SERVICIOS VARIOS   ,PRCA - NO DISPENSÓ EFECTIVO Y/O VOUCHER
0304,290000,02,29,29,Cajero automático,SERVICIOS VARIOS   ,ENTREGA DE BILLETES FALSOS
0304,300000,02,29,30,Cajero automático,SERVICIOS VARIOS   ,FALLAS DEL SISTEMA INFORMATICO QUE DIFICULTAN OPERACIONES Y SERVICIOS
0304,340000,02,29,34,Cajero automático,SERVICIOS VARIOS   ,ERROR EN LOS DATOS DEL USUARIO REGISTRADOS EN LA EMPRESA
0304,390000,02,29,39,Cajero automático,SERVICIOS VARIOS   ,INADECUADA ATENCION AL USUARIO
0304,390002,02,29,39,Cajero automático,SERVICIOS VARIOS   ,INADECUADA ATENCION AL USUARIO
0304,700001,02,29,28,Cajero automático,SERVICIOS VARIOS   ,PRCA - NO DISPENSÓ EFECTIVO Y/O VOUCHER
0304,700002,02,29,18,Cajero automático,SERVICIOS VARIOS   ,"OPERACIONES EN CUENTA NO RECONOCIDAS (CONSUMOS,DISPOSICIONES,RETIROS,CARGOS Y ABONOS) "
0304,700003,02,29,03,Cajero automático,SERVICIOS VARIOS   ,"COBRO INDEBIDO DE INTERESES,COMISIONES,PORTES,TARIFAS Y OTROS CARGOS  * general"
0304,700004,06,29,06,CAJEROS CORRESPONSALES,SERVICIOS VARIOS   ,TRANSACCION NO PROCESADA / MAL REALIZADA
0304,700005,06,29,18,CAJEROS CORRESPONSALES,SERVICIOS VARIOS   ,"OPERACIONES EN CUENTA NO RECONOCIDAS (CONSUMOS,DISPOSICIONES,RETIROS,CARGOS Y ABONOS) "
0304,700006,06,29,03,CAJEROS CORRESPONSALES,SERVICIOS VARIOS   ,"COBRO INDEBIDO DE INTERESES,COMISIONES,PORTES,TARIFAS Y OTROS CARGOS  * general"
0304,700007,01,29,06,OFICINA,SERVICIOS VARIOS   ,TRANSACCION NO PROCESADA / MAL REALIZADA
0304,700008,01,29,18,OFICINA,SERVICIOS VARIOS   ,"OPERACIONES EN CUENTA NO RECONOCIDAS (CONSUMOS,DISPOSICIONES,RETIROS,CARGOS Y ABONOS) "
0304,700009,01,29,03,OFICINA,SERVICIOS VARIOS   ,"COBRO INDEBIDO DE INTERESES,COMISIONES,PORTES,TARIFAS Y OTROS CARGOS  * general"
0400,020000,04,102,02,Banca móvil,CUENTA DE AHORRO (DESTINADA A DEPÓSITO DE REMUNERACIONES),"INADECUADA O INSUFICIENTE INFORMACION SOBRE OPERACIONES, PRODUCTOS Y/O SERVICIOS"
0400,030000,04,102,03,Banca móvil,CUENTA DE AHORRO (DESTINADA A DEPÓSITO DE REMUNERACIONES),"COBRO INDEBIDO DE INTERESES,COMISIONES,PORTES,TARIFAS Y OTROS CARGOS  * general"
0400,030002,04,102,03,Banca móvil,CUENTA DE AHORRO (DESTINADA A DEPÓSITO DE REMUNERACIONES),"COBRO INDEBIDO DE INTERESES,COMISIONES,PORTES,TARIFAS Y OTROS CARGOS  * general"
0400,060100,04,102,06,Banca móvil,CUENTA DE AHORRO (DESTINADA A DEPÓSITO DE REMUNERACIONES),TRANSACCION NO PROCESADA / MAL REALIZADA
0400,180000,04,102,18,Banca móvil,CUENTA DE AHORRO (DESTINADA A DEPÓSITO DE REMUNERACIONES),"OPERACIONES EN CUENTA NO RECONOCIDAS (CONSUMOS,DISPOSICIONES,RETIROS,CARGOS Y ABONOS) "
0400,180001,04,102,18,Banca móvil,CUENTA DE AHORRO (DESTINADA A DEPÓSITO DE REMUNERACIONES),"OPERACIONES EN CUENTA NO RECONOCIDAS (CONSUMOS,DISPOSICIONES,RETIROS,CARGOS Y ABONOS) "
0400,280800,04,102,28,Banca móvil,CUENTA DE AHORRO (DESTINADA A DEPÓSITO DE REMUNERACIONES),PRCA - NO DISPENSÓ EFECTIVO Y/O VOUCHER
0400,300000,04,102,30,Banca móvil,CUENTA DE AHORRO (DESTINADA A DEPÓSITO DE REMUNERACIONES),FALLAS DEL SISTEMA INFORMATICO QUE DIFICULTAN OPERACIONES Y SERVICIOS
0400,390000,04,102,39,Banca móvil,CUENTA DE AHORRO (DESTINADA A DEPÓSITO DE REMUNERACIONES),INADECUADA ATENCION AL USUARIO
0400,390002,04,102,39,Banca móvil,CUENTA DE AHORRO (DESTINADA A DEPÓSITO DE REMUNERACIONES),INADECUADA ATENCION AL USUARIO
0400,700007,04,102,06,Banca móvil,CUENTA DE AHORRO (DESTINADA A DEPÓSITO DE REMUNERACIONES),TRANSACCION NO PROCESADA / MAL REALIZADA
0500,010000,99,05,01,No existe un canal asociado,TARJETA DE CREDITO - MASTERCARD,"INCUMPLIMIENTO DE CLAUSULAS DE LOS CONTRATOS, POLIZAS, CONDICIONES, ACUERDOS"
0500,020000,99,05,02,No existe un canal asociado,TARJETA DE CREDITO - MASTERCARD,"INADECUADA O INSUFICIENTE INFORMACION SOBRE OPERACIONES, PRODUCTOS Y/O SERVICIOS"
0500,030000,99,05,03,No existe un canal asociado,TARJETA DE CREDITO - MASTERCARD,"COBRO INDEBIDO DE INTERESES,COMISIONES,PORTES,TARIFAS Y OTROS CARGOS  * general"
0500,030001,99,05,03,No existe un canal asociado,TARJETA DE CREDITO - MASTERCARD,"COBRO INDEBIDO DE INTERESES,COMISIONES,PORTES,TARIFAS Y OTROS CARGOS  * general"
0500,030002,99,05,03,No existe un canal asociado,TARJETA DE CREDITO - MASTERCARD,"COBRO INDEBIDO DE INTERESES,COMISIONES,PORTES,TARIFAS Y OTROS CARGOS  * general"
0500,060100,99,05,06,No existe un canal asociado,TARJETA DE CREDITO - MASTERCARD,TRANSACCION NO PROCESADA / MAL REALIZADA
0500,070000,99,05,07,No existe un canal asociado,TARJETA DE CREDITO - MASTERCARD,RETENCIONES INDEBIDAS (JUDICIALES Y/O COACTIVAS)
0500,080000,99,05,08,No existe un canal asociado,TARJETA DE CREDITO - MASTERCARD,CANCELACION DE CUENTA
0500,108000,99,05,108,No existe un canal asociado,TARJETA DE CREDITO - MASTERCARD,MODIFICACIONES CONTRACTUALES DEL CRÉDITO - INSATISFACCIÓN SOBRE NUEVAS CONDICIONES APLICADAS
0500,111000,99,05,111,No existe un canal asociado,TARJETA DE CREDITO - MASTERCARD,MODIFICACIONES CONTRACTUALES DEL CRÉDITO - OTROS MOTIVOS
0500,150000,99,05,15,No existe un canal asociado,TARJETA DE CREDITO - MASTERCARD,"PROBLEM. CON TARJETA DEBITO / CREDITO (RETENIDA, DESACTIVADA, BLOQUEADA, ANULADA, CANCELADA)"
0500,180000,99,05,18,No existe un canal asociado,TARJETA DE CREDITO - MASTERCARD,"OPERACIONES EN CUENTA NO RECONOCIDAS (CONSUMOS,DISPOSICIONES,RETIROS,CARGOS Y ABONOS) "
0500,180001,99,05,18,No existe un canal asociado,TARJETA DE CREDITO - MASTERCARD,"OPERACIONES EN CUENTA NO RECONOCIDAS (CONSUMOS,DISPOSICIONES,RETIROS,CARGOS Y ABONOS) "
0500,180006,99,05,18,No existe un canal asociado,TARJETA DE CREDITO - MASTERCARD,"OPERACIONES EN CUENTA NO RECONOCIDAS (CONSUMOS,DISPOSICIONES,RETIROS,CARGOS Y ABONOS) "
0500,180007,99,05,18,No existe un canal asociado,TARJETA DE CREDITO - MASTERCARD,"OPERACIONES EN CUENTA NO RECONOCIDAS (CONSUMOS,DISPOSICIONES,RETIROS,CARGOS Y ABONOS) "
0500,180009,99,05,18,No existe un canal asociado,TARJETA DE CREDITO - MASTERCARD,"OPERACIONES EN CUENTA NO RECONOCIDAS (CONSUMOS,DISPOSICIONES,RETIROS,CARGOS Y ABONOS) "
0500,180010,99,05,18,No existe un canal asociado,TARJETA DE CREDITO - MASTERCARD,"OPERACIONES EN CUENTA NO RECONOCIDAS (CONSUMOS,DISPOSICIONES,RETIROS,CARGOS Y ABONOS) "
0500,210000,99,05,21,No existe un canal asociado,TARJETA DE CREDITO - MASTERCARD,PUBLICIDAD ENGAÑOSA O INFORMACIÓN QUE INDUCE A ERROR
0500,220000,99,05,22,No existe un canal asociado,TARJETA DE CREDITO - MASTERCARD,REPORTE INDEBIDO EN LA CENTRAL DE RIESGOS
0500,270000,99,05,27,No existe un canal asociado,TARJETA DE CREDITO - MASTERCARD,DEMORA O INCUMPLIMIENTO EN LA DEVOLUCION DE DOCUMENTOS VALORADOS (TITULOS VALORES)
0500,280800,99,05,28,No existe un canal asociado,TARJETA DE CREDITO - MASTERCARD,PRCA - NO DISPENSÓ EFECTIVO Y/O VOUCHER
0500,300000,99,05,30,No existe un canal asociado,TARJETA DE CREDITO - MASTERCARD,FALLAS DEL SISTEMA INFORMATICO QUE DIFICULTAN OPERACIONES Y SERVICIOS
0500,380000,99,05,38,No existe un canal asociado,TARJETA DE CREDITO - MASTERCARD,PRCAOE - NO DISPENSO EFECTIVO O VOUCHER
0500,380001,99,05,38,No existe un canal asociado,TARJETA DE CREDITO - MASTERCARD,PRCAOE - NO DISPENSO EFECTIVO O VOUCHER
0500,380003,99,05,38,No existe un canal asociado,TARJETA DE CREDITO - MASTERCARD,PRCAOE - NO DISPENSO EFECTIVO O VOUCHER
0500,390000,99,05,39,No existe un canal asociado,TARJETA DE CREDITO - MASTERCARD,INADECUADA ATENCION AL USUARIO
0500,390002,99,05,39,No existe un canal asociado,TARJETA DE CREDITO - MASTERCARD,INADECUADA ATENCION AL USUARIO
0500,700010,99,05,03,No existe un canal asociado,TARJETA DE CREDITO - MASTERCARD,"COBRO INDEBIDO DE INTERESES,COMISIONES,PORTES,TARIFAS Y OTROS CARGOS  * general"
0600,010000,99,06,01,No existe un canal asociado,TARJETA DE DEBITO - VISA,"INCUMPLIMIENTO DE CLAUSULAS DE LOS CONTRATOS, POLIZAS, CONDICIONES, ACUERDOS"
0600,020000,99,06,02,No existe un canal asociado,TARJETA DE DEBITO - VISA,"INADECUADA O INSUFICIENTE INFORMACION SOBRE OPERACIONES, PRODUCTOS Y/O SERVICIOS"
0600,030000,99,06,03,No existe un canal asociado,TARJETA DE DEBITO - VISA,"COBRO INDEBIDO DE INTERESES,COMISIONES,PORTES,TARIFAS Y OTROS CARGOS  * general"
0600,030001,99,06,03,No existe un canal asociado,TARJETA DE DEBITO - VISA,"COBRO INDEBIDO DE INTERESES,COMISIONES,PORTES,TARIFAS Y OTROS CARGOS  * general"
0600,030002,99,06,03,No existe un canal asociado,TARJETA DE DEBITO - VISA,"COBRO INDEBIDO DE INTERESES,COMISIONES,PORTES,TARIFAS Y OTROS CARGOS  * general"
0600,050000,99,06,06,No existe un canal asociado,TARJETA DE DEBITO - VISA,TRANSACCION NO PROCESADA / MAL REALIZADA
0600,060100,99,06,06,No existe un canal asociado,TARJETA DE DEBITO - VISA,TRANSACCION NO PROCESADA / MAL REALIZADA
0600,070000,99,06,07,No existe un canal asociado,TARJETA DE DEBITO - VISA,RETENCIONES INDEBIDAS (JUDICIALES Y/O COACTIVAS)
0600,080000,99,06,08,No existe un canal asociado,TARJETA DE DEBITO - VISA,CANCELACION DE CUENTA
0600,150000,99,06,15,No existe un canal asociado,TARJETA DE DEBITO - VISA,"PROBLEM. CON TARJETA DEBITO / CREDITO (RETENIDA, DESACTIVADA, BLOQUEADA, ANULADA, CANCELADA)"
0600,180000,99,06,18,No existe un canal asociado,TARJETA DE DEBITO - VISA,"OPERACIONES EN CUENTA NO RECONOCIDAS (CONSUMOS,DISPOSICIONES,RETIROS,CARGOS Y ABONOS) "
0600,180001,99,06,18,No existe un canal asociado,TARJETA DE DEBITO - VISA,"OPERACIONES EN CUENTA NO RECONOCIDAS (CONSUMOS,DISPOSICIONES,RETIROS,CARGOS Y ABONOS) "
0600,180009,99,06,18,No existe un canal asociado,TARJETA DE DEBITO - VISA,"OPERACIONES EN CUENTA NO RECONOCIDAS (CONSUMOS,DISPOSICIONES,RETIROS,CARGOS Y ABONOS) "
0600,190000,99,06,19,No existe un canal asociado,TARJETA DE DEBITO - VISA,"DEMORA O INCUMPLIM.DE ENVIO DE CORRESPOND. (ESTAD. DE CTA., NOTAS DE CARGO, CRONOG. DE PAGOS, ETC.)"
0600,210000,99,06,21,No existe un canal asociado,TARJETA DE DEBITO - VISA,PUBLICIDAD ENGAÑOSA O INFORMACIÓN QUE INDUCE A ERROR
0600,270000,99,06,27,No existe un canal asociado,TARJETA DE DEBITO - VISA,DEMORA O INCUMPLIMIENTO EN LA DEVOLUCION DE DOCUMENTOS VALORADOS (TITULOS VALORES)
0600,280000,99,06,28,No existe un canal asociado,TARJETA DE DEBITO - VISA,PRCA - NO DISPENSÓ EFECTIVO Y/O VOUCHER
0600,280005,99,06,28,No existe un canal asociado,TARJETA DE DEBITO - VISA,PRCA - NO DISPENSÓ EFECTIVO Y/O VOUCHER
0600,280006,99,06,28,No existe un canal asociado,TARJETA DE DEBITO - VISA,PRCA - NO DISPENSÓ EFECTIVO Y/O VOUCHER
0600,280800,99,06,28,No existe un canal asociado,TARJETA DE DEBITO - VISA,PRCA - NO DISPENSÓ EFECTIVO Y/O VOUCHER
0600,300000,99,06,30,No existe un canal asociado,TARJETA DE DEBITO - VISA,FALLAS DEL SISTEMA INFORMATICO QUE DIFICULTAN OPERACIONES Y SERVICIOS
0600,330000,99,06,33,No existe un canal asociado,TARJETA DE DEBITO - VISA,DIFUSION DE INFORMACION DE OPERACIONES SIN AUTORIZACION DEL USUARIO
0600,340000,99,06,34,No existe un canal asociado,TARJETA DE DEBITO - VISA,ERROR EN LOS DATOS DEL USUARIO REGISTRADOS EN LA EMPRESA
0600,380000,99,06,38,No existe un canal asociado,TARJETA DE DEBITO - VISA,PRCAOE - NO DISPENSO EFECTIVO O VOUCHER
0600,380001,99,06,38,No existe un canal asociado,TARJETA DE DEBITO - VISA,PRCAOE - NO DISPENSO EFECTIVO O VOUCHER
0600,380003,99,06,38,No existe un canal asociado,TARJETA DE DEBITO - VISA,PRCAOE - NO DISPENSO EFECTIVO O VOUCHER
0600,390000,99,06,39,No existe un canal asociado,TARJETA DE DEBITO - VISA,INADECUADA ATENCION AL USUARIO
0600,390002,99,06,39,No existe un canal asociado,TARJETA DE DEBITO - VISA,INADECUADA ATENCION AL USUARIO
0600,700001,99,06,28,No existe un canal asociado,TARJETA DE DEBITO - VISA,PRCA - NO DISPENSÓ EFECTIVO Y/O VOUCHER
0600,700008,99,06,18,No existe un canal asociado,TARJETA DE DEBITO - VISA,"OPERACIONES EN CUENTA NO RECONOCIDAS (CONSUMOS,DISPOSICIONES,RETIROS,CARGOS Y ABONOS) "
0700,010000,01,07,01,OFICINA,CREDITO HIPOTECARIO PARA VIVIENDA,"INCUMPLIMIENTO DE CLAUSULAS DE LOS CONTRATOS, POLIZAS, CONDICIONES, ACUERDOS"
0700,020000,01,07,02,OFICINA,CREDITO HIPOTECARIO PARA VIVIENDA,"INADECUADA O INSUFICIENTE INFORMACION SOBRE OPERACIONES, PRODUCTOS Y/O SERVICIOS"
0700,030000,01,07,03,OFICINA,CREDITO HIPOTECARIO PARA VIVIENDA,"COBRO INDEBIDO DE INTERESES,COMISIONES,PORTES,TARIFAS Y OTROS CARGOS  * general"
0700,060100,01,07,06,OFICINA,CREDITO HIPOTECARIO PARA VIVIENDA,TRANSACCION NO PROCESADA / MAL REALIZADA
0700,107000,01,07,107,OFICINA,CREDITO HIPOTECARIO PARA VIVIENDA,MODIFICACIONES CONTRACTUALES DEL CRÉDITO - INSATISFACCIÓN POR FALTA DE ENTREGA O DEMORA EN LAS COMUNICACIONES
0700,111000,01,07,111,OFICINA,CREDITO HIPOTECARIO PARA VIVIENDA,MODIFICACIONES CONTRACTUALES DEL CRÉDITO - OTROS MOTIVOS
0700,190000,01,07,19,OFICINA,CREDITO HIPOTECARIO PARA VIVIENDA,"DEMORA O INCUMPLIM.DE ENVIO DE CORRESPOND. (ESTAD. DE CTA., NOTAS DE CARGO, CRONOG. DE PAGOS, ETC.)"
0700,280800,01,07,28,OFICINA,CREDITO HIPOTECARIO PARA VIVIENDA,PRCA - NO DISPENSÓ EFECTIVO Y/O VOUCHER
0700,390000,01,07,39,OFICINA,CREDITO HIPOTECARIO PARA VIVIENDA,INADECUADA ATENCION AL USUARIO
0700,700010,01,07,03,OFICINA,CREDITO HIPOTECARIO PARA VIVIENDA,"COBRO INDEBIDO DE INTERESES,COMISIONES,PORTES,TARIFAS Y OTROS CARGOS  * general"
0800,030000,01,08,03,OFICINA,"CREDITO CORPORATIVO A GRANDES, PEQUEÑAS Y MEDIANAS EMPRESAS - IFIS","COBRO INDEBIDO DE INTERESES,COMISIONES,PORTES,TARIFAS Y OTROS CARGOS  * general"
0900,010000,01,09,01,OFICINA,CREDITOS DE CONSUMO - PRESTAMOS MULTIRED,"INCUMPLIMIENTO DE CLAUSULAS DE LOS CONTRATOS, POLIZAS, CONDICIONES, ACUERDOS"
0900,020000,01,09,02,OFICINA,CREDITOS DE CONSUMO - PRESTAMOS MULTIRED,"INADECUADA O INSUFICIENTE INFORMACION SOBRE OPERACIONES, PRODUCTOS Y/O SERVICIOS"
0900,030000,01,09,03,OFICINA,CREDITOS DE CONSUMO - PRESTAMOS MULTIRED,"COBRO INDEBIDO DE INTERESES,COMISIONES,PORTES,TARIFAS Y OTROS CARGOS  * general"
0900,030002,01,09,03,OFICINA,CREDITOS DE CONSUMO - PRESTAMOS MULTIRED,"COBRO INDEBIDO DE INTERESES,COMISIONES,PORTES,TARIFAS Y OTROS CARGOS  * general"
0900,040000,01,09,04,OFICINA,CREDITOS DE CONSUMO - PRESTAMOS MULTIRED,"MODIFICACION INDEBIDA DE LAS TASAS DE INTERESES, COMISIONES U OTRAS CONDICIONES PACTADAS"
0900,060100,01,09,06,OFICINA,CREDITOS DE CONSUMO - PRESTAMOS MULTIRED,TRANSACCION NO PROCESADA / MAL REALIZADA
0900,111000,01,09,111,OFICINA,CREDITOS DE CONSUMO - PRESTAMOS MULTIRED,MODIFICACIONES CONTRACTUALES DEL CRÉDITO - OTROS MOTIVOS
0900,180000,01,09,18,OFICINA,CREDITOS DE CONSUMO - PRESTAMOS MULTIRED,"OPERACIONES EN CUENTA NO RECONOCIDAS (CONSUMOS,DISPOSICIONES,RETIROS,CARGOS Y ABONOS) "
0900,190000,01,09,19,OFICINA,CREDITOS DE CONSUMO - PRESTAMOS MULTIRED,"DEMORA O INCUMPLIM.DE ENVIO DE CORRESPOND. (ESTAD. DE CTA., NOTAS DE CARGO, CRONOG. DE PAGOS, ETC.)"
0900,210000,01,09,21,OFICINA,CREDITOS DE CONSUMO - PRESTAMOS MULTIRED,PUBLICIDAD ENGAÑOSA O INFORMACIÓN QUE INDUCE A ERROR
0900,220000,01,09,22,OFICINA,CREDITOS DE CONSUMO - PRESTAMOS MULTIRED,REPORTE INDEBIDO EN LA CENTRAL DE RIESGOS
0900,230000,01,09,23,OFICINA,CREDITOS DE CONSUMO - PRESTAMOS MULTIRED,DEMORA EN LA RECTIFICACION DE LA INFORMACION REPORTADA EN LA CENTRAL DE RIESGOS
0900,280800,01,09,28,OFICINA,CREDITOS DE CONSUMO - PRESTAMOS MULTIRED,PRCA - NO DISPENSÓ EFECTIVO Y/O VOUCHER
0900,300000,01,09,30,OFICINA,CREDITOS DE CONSUMO - PRESTAMOS MULTIRED,FALLAS DEL SISTEMA INFORMATICO QUE DIFICULTAN OPERACIONES Y SERVICIOS
0900,390000,01,09,39,OFICINA,CREDITOS DE CONSUMO - PRESTAMOS MULTIRED,INADECUADA ATENCION AL USUARIO
0900,390002,01,09,39,OFICINA,CREDITOS DE CONSUMO - PRESTAMOS MULTIRED,INADECUADA ATENCION AL USUARIO
0900,700007,01,09,06,OFICINA,CREDITOS DE CONSUMO - PRESTAMOS MULTIRED,TRANSACCION NO PROCESADA / MAL REALIZADA
0900,700010,01,09,03,OFICINA,CREDITOS DE CONSUMO - PRESTAMOS MULTIRED,"COBRO INDEBIDO DE INTERESES,COMISIONES,PORTES,TARIFAS Y OTROS CARGOS  * general"
1100,020000,01,11,02,OFICINA,TRANSFERENCIAS DE FONDOS (INTERBANCARIAS O INTRABANCARIA),"INADECUADA O INSUFICIENTE INFORMACION SOBRE OPERACIONES, PRODUCTOS Y/O SERVICIOS"
1100,030000,01,11,03,OFICINA,TRANSFERENCIAS DE FONDOS (INTERBANCARIAS O INTRABANCARIA),"COBRO INDEBIDO DE INTERESES,COMISIONES,PORTES,TARIFAS Y OTROS CARGOS  * general"
1100,060100,01,11,06,OFICINA,TRANSFERENCIAS DE FONDOS (INTERBANCARIAS O INTRABANCARIA),TRANSACCION NO PROCESADA / MAL REALIZADA
1100,180000,01,11,18,OFICINA,TRANSFERENCIAS DE FONDOS (INTERBANCARIAS O INTRABANCARIA),"OPERACIONES EN CUENTA NO RECONOCIDAS (CONSUMOS,DISPOSICIONES,RETIROS,CARGOS Y ABONOS) "
1100,280800,01,11,28,OFICINA,TRANSFERENCIAS DE FONDOS (INTERBANCARIAS O INTRABANCARIA),PRCA - NO DISPENSÓ EFECTIVO Y/O VOUCHER
1100,300000,01,11,30,OFICINA,TRANSFERENCIAS DE FONDOS (INTERBANCARIAS O INTRABANCARIA),FALLAS DEL SISTEMA INFORMATICO QUE DIFICULTAN OPERACIONES Y SERVICIOS
1100,340000,01,11,34,OFICINA,TRANSFERENCIAS DE FONDOS (INTERBANCARIAS O INTRABANCARIA),ERROR EN LOS DATOS DEL USUARIO REGISTRADOS EN LA EMPRESA
1100,390000,01,11,39,OFICINA,TRANSFERENCIAS DE FONDOS (INTERBANCARIAS O INTRABANCARIA),INADECUADA ATENCION AL USUARIO
1100,700007,01,11,06,OFICINA,TRANSFERENCIAS DE FONDOS (INTERBANCARIAS O INTRABANCARIA),TRANSACCION NO PROCESADA / MAL REALIZADA
1200,030000,01,12,03,OFICINA,TRANSFERENCIAS DE FONDOS AL EXTRANJERO - REMESAS,"COBRO INDEBIDO DE INTERESES,COMISIONES,PORTES,TARIFAS Y OTROS CARGOS  * general"
1200,060100,01,12,06,OFICINA,TRANSFERENCIAS DE FONDOS AL EXTRANJERO - REMESAS,TRANSACCION NO PROCESADA / MAL REALIZADA
1200,280800,01,12,28,OFICINA,TRANSFERENCIAS DE FONDOS AL EXTRANJERO - REMESAS,PRCA - NO DISPENSÓ EFECTIVO Y/O VOUCHER
1700,020000,01,17,02,OFICINA,CHEQUES,"INADECUADA O INSUFICIENTE INFORMACION SOBRE OPERACIONES, PRODUCTOS Y/O SERVICIOS"
1700,030000,01,17,03,OFICINA,CHEQUES,"COBRO INDEBIDO DE INTERESES,COMISIONES,PORTES,TARIFAS Y OTROS CARGOS  * general"
1700,060100,01,17,06,OFICINA,CHEQUES,TRANSACCION NO PROCESADA / MAL REALIZADA
1700,090000,01,17,09,OFICINA,CHEQUES,"PROBLEMAS CON CHEQUES (MAL EMITIDOS,RECHAZADOS,DUPLICADOS,FALSOS)"
1700,170000,01,17,17,OFICINA,CHEQUES,INCUMPLIMIENTO DEL SECRETO BANCARIO
1700,280800,01,17,28,OFICINA,CHEQUES,PRCA - NO DISPENSÓ EFECTIVO Y/O VOUCHER
1700,300000,01,17,30,OFICINA,CHEQUES,FALLAS DEL SISTEMA INFORMATICO QUE DIFICULTAN OPERACIONES Y SERVICIOS
1700,390000,01,17,39,OFICINA,CHEQUES,INADECUADA ATENCION AL USUARIO
1700,700007,01,17,06,OFICINA,CHEQUES,TRANSACCION NO PROCESADA / MAL REALIZADA
1800,060100,01,18,06,OFICINA,FIDEICOMISO,TRANSACCION NO PROCESADA / MAL REALIZADA
1800,270000,01,18,27,OFICINA,FIDEICOMISO,DEMORA O INCUMPLIMIENTO EN LA DEVOLUCION DE DOCUMENTOS VALORADOS (TITULOS VALORES)
1800,300000,01,18,30,OFICINA,FIDEICOMISO,FALLAS DEL SISTEMA INFORMATICO QUE DIFICULTAN OPERACIONES Y SERVICIOS
2200,010000,02,102,01,Cajero automático,CUENTA DE AHORRO (DESTINADA A DEPÓSITO DE REMUNERACIONES),"INCUMPLIMIENTO DE CLAUSULAS DE LOS CONTRATOS, POLIZAS, CONDICIONES, ACUERDOS"
2200,020000,02,102,02,Cajero automático,CUENTA DE AHORRO (DESTINADA A DEPÓSITO DE REMUNERACIONES),"INADECUADA O INSUFICIENTE INFORMACION SOBRE OPERACIONES, PRODUCTOS Y/O SERVICIOS"
2200,030000,02,102,03,Cajero automático,CUENTA DE AHORRO (DESTINADA A DEPÓSITO DE REMUNERACIONES),"COBRO INDEBIDO DE INTERESES,COMISIONES,PORTES,TARIFAS Y OTROS CARGOS  * general"
2200,030001,02,102,03,Cajero automático,CUENTA DE AHORRO (DESTINADA A DEPÓSITO DE REMUNERACIONES),"COBRO INDEBIDO DE INTERESES,COMISIONES,PORTES,TARIFAS Y OTROS CARGOS  * general"
2200,030002,02,102,03,Cajero automático,CUENTA DE AHORRO (DESTINADA A DEPÓSITO DE REMUNERACIONES),"COBRO INDEBIDO DE INTERESES,COMISIONES,PORTES,TARIFAS Y OTROS CARGOS  * general"
2200,050000,02,102,06,Cajero automático,CUENTA DE AHORRO (DESTINADA A DEPÓSITO DE REMUNERACIONES),TRANSACCION NO PROCESADA / MAL REALIZADA
2200,060100,02,102,06,Cajero automático,CUENTA DE AHORRO (DESTINADA A DEPÓSITO DE REMUNERACIONES),TRANSACCION NO PROCESADA / MAL REALIZADA
2200,070000,02,102,07,Cajero automático,CUENTA DE AHORRO (DESTINADA A DEPÓSITO DE REMUNERACIONES),RETENCIONES INDEBIDAS (JUDICIALES Y/O COACTIVAS)
2200,080000,02,102,08,Cajero automático,CUENTA DE AHORRO (DESTINADA A DEPÓSITO DE REMUNERACIONES),CANCELACION DE CUENTA
2200,150000,02,102,15,Cajero automático,CUENTA DE AHORRO (DESTINADA A DEPÓSITO DE REMUNERACIONES),"PROBLEM. CON TARJETA DEBITO / CREDITO (RETENIDA, DESACTIVADA, BLOQUEADA, ANULADA, CANCELADA)"
2200,180000,02,102,18,Cajero automático,CUENTA DE AHORRO (DESTINADA A DEPÓSITO DE REMUNERACIONES),"OPERACIONES EN CUENTA NO RECONOCIDAS (CONSUMOS,DISPOSICIONES,RETIROS,CARGOS Y ABONOS) "
2200,180001,02,102,18,Cajero automático,CUENTA DE AHORRO (DESTINADA A DEPÓSITO DE REMUNERACIONES),"OPERACIONES EN CUENTA NO RECONOCIDAS (CONSUMOS,DISPOSICIONES,RETIROS,CARGOS Y ABONOS) "
2200,190000,02,102,19,Cajero automático,CUENTA DE AHORRO (DESTINADA A DEPÓSITO DE REMUNERACIONES),"DEMORA O INCUMPLIM.DE ENVIO DE CORRESPOND. (ESTAD. DE CTA., NOTAS DE CARGO, CRONOG. DE PAGOS, ETC.)"
2200,210000,02,102,21,Cajero automático,CUENTA DE AHORRO (DESTINADA A DEPÓSITO DE REMUNERACIONES),PUBLICIDAD ENGAÑOSA O INFORMACIÓN QUE INDUCE A ERROR
2200,270000,02,102,27,Cajero automático,CUENTA DE AHORRO (DESTINADA A DEPÓSITO DE REMUNERACIONES),DEMORA O INCUMPLIMIENTO EN LA DEVOLUCION DE DOCUMENTOS VALORADOS (TITULOS VALORES)
2200,280000,02,102,28,Cajero automático,CUENTA DE AHORRO (DESTINADA A DEPÓSITO DE REMUNERACIONES),PRCA - NO DISPENSÓ EFECTIVO Y/O VOUCHER
2200,280005,02,102,28,Cajero automático,CUENTA DE AHORRO (DESTINADA A DEPÓSITO DE REMUNERACIONES),PRCA - NO DISPENSÓ EFECTIVO Y/O VOUCHER
2200,280006,02,102,28,Cajero automático,CUENTA DE AHORRO (DESTINADA A DEPÓSITO DE REMUNERACIONES),PRCA - NO DISPENSÓ EFECTIVO Y/O VOUCHER
2200,280800,02,102,28,Cajero automático,CUENTA DE AHORRO (DESTINADA A DEPÓSITO DE REMUNERACIONES),PRCA - NO DISPENSÓ EFECTIVO Y/O VOUCHER
2200,290000,02,102,29,Cajero automático,CUENTA DE AHORRO (DESTINADA A DEPÓSITO DE REMUNERACIONES),ENTREGA DE BILLETES FALSOS
2200,300000,02,102,30,Cajero automático,CUENTA DE AHORRO (DESTINADA A DEPÓSITO DE REMUNERACIONES),FALLAS DEL SISTEMA INFORMATICO QUE DIFICULTAN OPERACIONES Y SERVICIOS
2200,330000,02,102,33,Cajero automático,CUENTA DE AHORRO (DESTINADA A DEPÓSITO DE REMUNERACIONES),DIFUSION DE INFORMACION DE OPERACIONES SIN AUTORIZACION DEL USUARIO
2200,380000,02,102,38,Cajero automático,CUENTA DE AHORRO (DESTINADA A DEPÓSITO DE REMUNERACIONES),PRCAOE - NO DISPENSO EFECTIVO O VOUCHER
2200,380001,02,102,38,Cajero automático,CUENTA DE AHORRO (DESTINADA A DEPÓSITO DE REMUNERACIONES),PRCAOE - NO DISPENSO EFECTIVO O VOUCHER
2200,380003,02,102,38,Cajero automático,CUENTA DE AHORRO (DESTINADA A DEPÓSITO DE REMUNERACIONES),PRCAOE - NO DISPENSO EFECTIVO O VOUCHER
2200,390000,02,102,39,Cajero automático,CUENTA DE AHORRO (DESTINADA A DEPÓSITO DE REMUNERACIONES),INADECUADA ATENCION AL USUARIO
2200,390002,02,102,39,Cajero automático,CUENTA DE AHORRO (DESTINADA A DEPÓSITO DE REMUNERACIONES),INADECUADA ATENCION AL USUARIO
2200,700001,02,102,28,Cajero automático,CUENTA DE AHORRO (DESTINADA A DEPÓSITO DE REMUNERACIONES),PRCA - NO DISPENSÓ EFECTIVO Y/O VOUCHER
2200,700004,02,102,06,Cajero automático,CUENTA DE AHORRO (DESTINADA A DEPÓSITO DE REMUNERACIONES),TRANSACCION NO PROCESADA / MAL REALIZADA
2200,700008,02,102,18,Cajero automático,CUENTA DE AHORRO (DESTINADA A DEPÓSITO DE REMUNERACIONES),"OPERACIONES EN CUENTA NO RECONOCIDAS (CONSUMOS,DISPOSICIONES,RETIROS,CARGOS Y ABONOS) "
2200,700009,02,102,03,Cajero automático,CUENTA DE AHORRO (DESTINADA A DEPÓSITO DE REMUNERACIONES),"COBRO INDEBIDO DE INTERESES,COMISIONES,PORTES,TARIFAS Y OTROS CARGOS  * general"
2300,020000,03,102,02,Vía intermet,CUENTA DE AHORRO (DESTINADA A DEPÓSITO DE REMUNERACIONES),"INADECUADA O INSUFICIENTE INFORMACION SOBRE OPERACIONES, PRODUCTOS Y/O SERVICIOS"
2300,030000,03,102,03,Vía intermet,CUENTA DE AHORRO (DESTINADA A DEPÓSITO DE REMUNERACIONES),"COBRO INDEBIDO DE INTERESES,COMISIONES,PORTES,TARIFAS Y OTROS CARGOS  * general"
2300,030001,03,102,03,Vía intermet,CUENTA DE AHORRO (DESTINADA A DEPÓSITO DE REMUNERACIONES),"COBRO INDEBIDO DE INTERESES,COMISIONES,PORTES,TARIFAS Y OTROS CARGOS  * general"
2300,030002,03,102,03,Vía intermet,CUENTA DE AHORRO (DESTINADA A DEPÓSITO DE REMUNERACIONES),"COBRO INDEBIDO DE INTERESES,COMISIONES,PORTES,TARIFAS Y OTROS CARGOS  * general"
2300,060100,03,102,06,Vía intermet,CUENTA DE AHORRO (DESTINADA A DEPÓSITO DE REMUNERACIONES),TRANSACCION NO PROCESADA / MAL REALIZADA
2300,150000,03,102,15,Vía intermet,CUENTA DE AHORRO (DESTINADA A DEPÓSITO DE REMUNERACIONES),"PROBLEM. CON TARJETA DEBITO / CREDITO (RETENIDA, DESACTIVADA, BLOQUEADA, ANULADA, CANCELADA)"
2300,180000,03,102,18,Vía intermet,CUENTA DE AHORRO (DESTINADA A DEPÓSITO DE REMUNERACIONES),"OPERACIONES EN CUENTA NO RECONOCIDAS (CONSUMOS,DISPOSICIONES,RETIROS,CARGOS Y ABONOS) "
2300,180001,03,102,18,Vía intermet,CUENTA DE AHORRO (DESTINADA A DEPÓSITO DE REMUNERACIONES),"OPERACIONES EN CUENTA NO RECONOCIDAS (CONSUMOS,DISPOSICIONES,RETIROS,CARGOS Y ABONOS) "
2300,210000,03,102,21,Vía intermet,CUENTA DE AHORRO (DESTINADA A DEPÓSITO DE REMUNERACIONES),PUBLICIDAD ENGAÑOSA O INFORMACIÓN QUE INDUCE A ERROR
2300,280800,03,102,28,Vía intermet,CUENTA DE AHORRO (DESTINADA A DEPÓSITO DE REMUNERACIONES),PRCA - NO DISPENSÓ EFECTIVO Y/O VOUCHER
2300,300000,03,102,30,Vía intermet,CUENTA DE AHORRO (DESTINADA A DEPÓSITO DE REMUNERACIONES),FALLAS DEL SISTEMA INFORMATICO QUE DIFICULTAN OPERACIONES Y SERVICIOS
2300,380001,03,102,38,Vía intermet,CUENTA DE AHORRO (DESTINADA A DEPÓSITO DE REMUNERACIONES),PRCAOE - NO DISPENSO EFECTIVO O VOUCHER
2300,390000,03,102,39,Vía intermet,CUENTA DE AHORRO (DESTINADA A DEPÓSITO DE REMUNERACIONES),INADECUADA ATENCION AL USUARIO
2300,390002,03,102,39,Vía intermet,CUENTA DE AHORRO (DESTINADA A DEPÓSITO DE REMUNERACIONES),INADECUADA ATENCION AL USUARIO
2300,700007,03,102,06,Vía intermet,CUENTA DE AHORRO (DESTINADA A DEPÓSITO DE REMUNERACIONES),TRANSACCION NO PROCESADA / MAL REALIZADA
2700,020000,01,27,02,OFICINA,SERVICIOS DE RECAUDACION,"INADECUADA O INSUFICIENTE INFORMACION SOBRE OPERACIONES, PRODUCTOS Y/O SERVICIOS"
2700,030000,01,27,03,OFICINA,SERVICIOS DE RECAUDACION,"COBRO INDEBIDO DE INTERESES,COMISIONES,PORTES,TARIFAS Y OTROS CARGOS  * general"
2700,060100,01,27,06,OFICINA,SERVICIOS DE RECAUDACION,TRANSACCION NO PROCESADA / MAL REALIZADA
2700,270000,01,27,27,OFICINA,SERVICIOS DE RECAUDACION,DEMORA O INCUMPLIMIENTO EN LA DEVOLUCION DE DOCUMENTOS VALORADOS (TITULOS VALORES)
2700,280800,01,27,28,OFICINA,SERVICIOS DE RECAUDACION,PRCA - NO DISPENSÓ EFECTIVO Y/O VOUCHER
2700,290000,01,27,29,OFICINA,SERVICIOS DE RECAUDACION,ENTREGA DE BILLETES FALSOS
2700,300000,01,27,30,OFICINA,SERVICIOS DE RECAUDACION,FALLAS DEL SISTEMA INFORMATICO QUE DIFICULTAN OPERACIONES Y SERVICIOS
2700,390000,01,27,39,OFICINA,SERVICIOS DE RECAUDACION,INADECUADA ATENCION AL USUARIO
2700,390002,01,27,39,OFICINA,SERVICIOS DE RECAUDACION,INADECUADA ATENCION AL USUARIO
2701,020000,01,27,02,OFICINA,SERVICIOS DE RECAUDACION,"INADECUADA O INSUFICIENTE INFORMACION SOBRE OPERACIONES, PRODUCTOS Y/O SERVICIOS"
2701,030000,01,27,03,OFICINA,SERVICIOS DE RECAUDACION,"COBRO INDEBIDO DE INTERESES,COMISIONES,PORTES,TARIFAS Y OTROS CARGOS  * general"
2701,060100,01,27,06,OFICINA,SERVICIOS DE RECAUDACION,TRANSACCION NO PROCESADA / MAL REALIZADA
2701,280000,01,27,28,OFICINA,SERVICIOS DE RECAUDACION,PRCA - NO DISPENSÓ EFECTIVO Y/O VOUCHER
2701,280800,01,27,28,OFICINA,SERVICIOS DE RECAUDACION,PRCA - NO DISPENSÓ EFECTIVO Y/O VOUCHER
2701,300000,01,27,30,OFICINA,SERVICIOS DE RECAUDACION,FALLAS DEL SISTEMA INFORMATICO QUE DIFICULTAN OPERACIONES Y SERVICIOS
2801,030000,01,28,03,OFICINA,PAGO DE SERVICIOS,"COBRO INDEBIDO DE INTERESES,COMISIONES,PORTES,TARIFAS Y OTROS CARGOS  * general"
2801,060100,01,28,06,OFICINA,PAGO DE SERVICIOS,TRANSACCION NO PROCESADA / MAL REALIZADA
2801,270000,01,28,27,OFICINA,PAGO DE SERVICIOS,DEMORA O INCUMPLIMIENTO EN LA DEVOLUCION DE DOCUMENTOS VALORADOS (TITULOS VALORES)
2801,280800,01,28,28,OFICINA,PAGO DE SERVICIOS,PRCA - NO DISPENSÓ EFECTIVO Y/O VOUCHER
2801,300000,01,28,30,OFICINA,PAGO DE SERVICIOS,FALLAS DEL SISTEMA INFORMATICO QUE DIFICULTAN OPERACIONES Y SERVICIOS
2801,390000,01,28,39,OFICINA,PAGO DE SERVICIOS,INADECUADA ATENCION AL USUARIO
2901,020000,01,29,02,OFICINA,SERVICIOS VARIOS   ,"INADECUADA O INSUFICIENTE INFORMACION SOBRE OPERACIONES, PRODUCTOS Y/O SERVICIOS"
2901,030000,01,29,03,OFICINA,SERVICIOS VARIOS   ,"COBRO INDEBIDO DE INTERESES,COMISIONES,PORTES,TARIFAS Y OTROS CARGOS  * general"
2901,060100,01,29,06,OFICINA,SERVICIOS VARIOS   ,TRANSACCION NO PROCESADA / MAL REALIZADA
2901,180000,01,29,18,OFICINA,SERVICIOS VARIOS   ,"OPERACIONES EN CUENTA NO RECONOCIDAS (CONSUMOS,DISPOSICIONES,RETIROS,CARGOS Y ABONOS) "
2901,270000,01,29,27,OFICINA,SERVICIOS VARIOS   ,DEMORA O INCUMPLIMIENTO EN LA DEVOLUCION DE DOCUMENTOS VALORADOS (TITULOS VALORES)
2901,280800,01,29,28,OFICINA,SERVICIOS VARIOS   ,PRCA - NO DISPENSÓ EFECTIVO Y/O VOUCHER
2901,290000,01,29,29,OFICINA,SERVICIOS VARIOS   ,ENTREGA DE BILLETES FALSOS
2901,300000,01,29,30,OFICINA,SERVICIOS VARIOS   ,FALLAS DEL SISTEMA INFORMATICO QUE DIFICULTAN OPERACIONES Y SERVICIOS
2901,330000,01,29,33,OFICINA,SERVICIOS VARIOS   ,DIFUSION DE INFORMACION DE OPERACIONES SIN AUTORIZACION DEL USUARIO
2901,390000,01,29,39,OFICINA,SERVICIOS VARIOS   ,INADECUADA ATENCION AL USUARIO
2901,390002,01,29,39,OFICINA,SERVICIOS VARIOS   ,INADECUADA ATENCION AL USUARIO
2901,700007,01,29,06,OFICINA,SERVICIOS VARIOS   ,TRANSACCION NO PROCESADA / MAL REALIZADA
2902,060100,01,29,06,OFICINA,SERVICIOS VARIOS   ,TRANSACCION NO PROCESADA / MAL REALIZADA
2902,070000,01,29,07,OFICINA,SERVICIOS VARIOS   ,RETENCIONES INDEBIDAS (JUDICIALES Y/O COACTIVAS)
2902,270000,01,29,27,OFICINA,SERVICIOS VARIOS   ,DEMORA O INCUMPLIMIENTO EN LA DEVOLUCION DE DOCUMENTOS VALORADOS (TITULOS VALORES)
2902,300000,01,29,30,OFICINA,SERVICIOS VARIOS   ,FALLAS DEL SISTEMA INFORMATICO QUE DIFICULTAN OPERACIONES Y SERVICIOS
2902,330000,01,29,33,OFICINA,SERVICIOS VARIOS   ,DIFUSION DE INFORMACION DE OPERACIONES SIN AUTORIZACION DEL USUARIO
2902,390000,01,29,39,OFICINA,SERVICIOS VARIOS   ,INADECUADA ATENCION AL USUARIO
3000,010000,06,102,01,CAJEROS CORRESPONSALES,CUENTA DE AHORRO (DESTINADA A DEPÓSITO DE REMUNERACIONES),"INCUMPLIMIENTO DE CLAUSULAS DE LOS CONTRATOS, POLIZAS, CONDICIONES, ACUERDOS"
3000,020000,06,102,02,CAJEROS CORRESPONSALES,CUENTA DE AHORRO (DESTINADA A DEPÓSITO DE REMUNERACIONES),"INADECUADA O INSUFICIENTE INFORMACION SOBRE OPERACIONES, PRODUCTOS Y/O SERVICIOS"
3000,030000,06,102,03,CAJEROS CORRESPONSALES,CUENTA DE AHORRO (DESTINADA A DEPÓSITO DE REMUNERACIONES),"COBRO INDEBIDO DE INTERESES,COMISIONES,PORTES,TARIFAS Y OTROS CARGOS  * general"
3000,030001,06,102,03,CAJEROS CORRESPONSALES,CUENTA DE AHORRO (DESTINADA A DEPÓSITO DE REMUNERACIONES),"COBRO INDEBIDO DE INTERESES,COMISIONES,PORTES,TARIFAS Y OTROS CARGOS  * general"
3000,030002,06,102,03,CAJEROS CORRESPONSALES,CUENTA DE AHORRO (DESTINADA A DEPÓSITO DE REMUNERACIONES),"COBRO INDEBIDO DE INTERESES,COMISIONES,PORTES,TARIFAS Y OTROS CARGOS  * general"
3000,050000,06,102,06,CAJEROS CORRESPONSALES,CUENTA DE AHORRO (DESTINADA A DEPÓSITO DE REMUNERACIONES),TRANSACCION NO PROCESADA / MAL REALIZADA
3000,060100,06,102,06,CAJEROS CORRESPONSALES,CUENTA DE AHORRO (DESTINADA A DEPÓSITO DE REMUNERACIONES),TRANSACCION NO PROCESADA / MAL REALIZADA
3000,070000,06,102,07,CAJEROS CORRESPONSALES,CUENTA DE AHORRO (DESTINADA A DEPÓSITO DE REMUNERACIONES),RETENCIONES INDEBIDAS (JUDICIALES Y/O COACTIVAS)
3000,080000,06,102,08,CAJEROS CORRESPONSALES,CUENTA DE AHORRO (DESTINADA A DEPÓSITO DE REMUNERACIONES),CANCELACION DE CUENTA
3000,090000,06,102,09,CAJEROS CORRESPONSALES,CUENTA DE AHORRO (DESTINADA A DEPÓSITO DE REMUNERACIONES),"PROBLEMAS CON CHEQUES (MAL EMITIDOS,RECHAZADOS,DUPLICADOS,FALSOS)"
3000,180000,06,102,18,CAJEROS CORRESPONSALES,CUENTA DE AHORRO (DESTINADA A DEPÓSITO DE REMUNERACIONES),"OPERACIONES EN CUENTA NO RECONOCIDAS (CONSUMOS,DISPOSICIONES,RETIROS,CARGOS Y ABONOS) "
3000,180001,06,102,18,CAJEROS CORRESPONSALES,CUENTA DE AHORRO (DESTINADA A DEPÓSITO DE REMUNERACIONES),"OPERACIONES EN CUENTA NO RECONOCIDAS (CONSUMOS,DISPOSICIONES,RETIROS,CARGOS Y ABONOS) "
3000,210000,06,102,21,CAJEROS CORRESPONSALES,CUENTA DE AHORRO (DESTINADA A DEPÓSITO DE REMUNERACIONES),PUBLICIDAD ENGAÑOSA O INFORMACIÓN QUE INDUCE A ERROR
3000,270000,06,102,27,CAJEROS CORRESPONSALES,CUENTA DE AHORRO (DESTINADA A DEPÓSITO DE REMUNERACIONES),DEMORA O INCUMPLIMIENTO EN LA DEVOLUCION DE DOCUMENTOS VALORADOS (TITULOS VALORES)
3000,280000,06,102,28,CAJEROS CORRESPONSALES,CUENTA DE AHORRO (DESTINADA A DEPÓSITO DE REMUNERACIONES),PRCA - NO DISPENSÓ EFECTIVO Y/O VOUCHER
3000,280005,06,102,28,CAJEROS CORRESPONSALES,CUENTA DE AHORRO (DESTINADA A DEPÓSITO DE REMUNERACIONES),PRCA - NO DISPENSÓ EFECTIVO Y/O VOUCHER
3000,280800,06,102,28,CAJEROS CORRESPONSALES,CUENTA DE AHORRO (DESTINADA A DEPÓSITO DE REMUNERACIONES),PRCA - NO DISPENSÓ EFECTIVO Y/O VOUCHER
3000,290000,06,102,29,CAJEROS CORRESPONSALES,CUENTA DE AHORRO (DESTINADA A DEPÓSITO DE REMUNERACIONES),ENTREGA DE BILLETES FALSOS
3000,300000,06,102,30,CAJEROS CORRESPONSALES,CUENTA DE AHORRO (DESTINADA A DEPÓSITO DE REMUNERACIONES),FALLAS DEL SISTEMA INFORMATICO QUE DIFICULTAN OPERACIONES Y SERVICIOS
3000,380000,06,102,38,CAJEROS CORRESPONSALES,CUENTA DE AHORRO (DESTINADA A DEPÓSITO DE REMUNERACIONES),PRCAOE - NO DISPENSO EFECTIVO O VOUCHER
3000,380001,06,102,38,CAJEROS CORRESPONSALES,CUENTA DE AHORRO (DESTINADA A DEPÓSITO DE REMUNERACIONES),PRCAOE - NO DISPENSO EFECTIVO O VOUCHER
3000,390000,06,102,39,CAJEROS CORRESPONSALES,CUENTA DE AHORRO (DESTINADA A DEPÓSITO DE REMUNERACIONES),INADECUADA ATENCION AL USUARIO
3000,390001,06,102,39,CAJEROS CORRESPONSALES,CUENTA DE AHORRO (DESTINADA A DEPÓSITO DE REMUNERACIONES),INADECUADA ATENCION AL USUARIO
3000,390002,06,102,39,CAJEROS CORRESPONSALES,CUENTA DE AHORRO (DESTINADA A DEPÓSITO DE REMUNERACIONES),INADECUADA ATENCION AL USUARIO
3000,700001,06,102,28,CAJEROS CORRESPONSALES,CUENTA DE AHORRO (DESTINADA A DEPÓSITO DE REMUNERACIONES),PRCA - NO DISPENSÓ EFECTIVO Y/O VOUCHER
3000,700004,06,102,06,CAJEROS CORRESPONSALES,CUENTA DE AHORRO (DESTINADA A DEPÓSITO DE REMUNERACIONES),TRANSACCION NO PROCESADA / MAL REALIZADA
3000,700007,06,102,06,CAJEROS CORRESPONSALES,CUENTA DE AHORRO (DESTINADA A DEPÓSITO DE REMUNERACIONES),TRANSACCION NO PROCESADA / MAL REALIZADA
3000,700008,06,102,18,CAJEROS CORRESPONSALES,CUENTA DE AHORRO (DESTINADA A DEPÓSITO DE REMUNERACIONES),"OPERACIONES EN CUENTA NO RECONOCIDAS (CONSUMOS,DISPOSICIONES,RETIROS,CARGOS Y ABONOS) "
3000,700009,06,102,03,CAJEROS CORRESPONSALES,CUENTA DE AHORRO (DESTINADA A DEPÓSITO DE REMUNERACIONES),"COBRO INDEBIDO DE INTERESES,COMISIONES,PORTES,TARIFAS Y OTROS CARGOS  * general"
9600,020000,01,96,02,OFICINA,SERVICIO DE ATENCION AL USUARIO,"INADECUADA O INSUFICIENTE INFORMACION SOBRE OPERACIONES, PRODUCTOS Y/O SERVICIOS"
9600,030000,01,96,03,OFICINA,SERVICIO DE ATENCION AL USUARIO,"COBRO INDEBIDO DE INTERESES,COMISIONES,PORTES,TARIFAS Y OTROS CARGOS  * general"
9600,030001,01,96,03,OFICINA,SERVICIO DE ATENCION AL USUARIO,"COBRO INDEBIDO DE INTERESES,COMISIONES,PORTES,TARIFAS Y OTROS CARGOS  * general"
9600,030002,01,96,03,OFICINA,SERVICIO DE ATENCION AL USUARIO,"COBRO INDEBIDO DE INTERESES,COMISIONES,PORTES,TARIFAS Y OTROS CARGOS  * general"
9600,050000,01,96,06,OFICINA,SERVICIO DE ATENCION AL USUARIO,TRANSACCION NO PROCESADA / MAL REALIZADA
9600,060100,01,96,06,OFICINA,SERVICIO DE ATENCION AL USUARIO,TRANSACCION NO PROCESADA / MAL REALIZADA
9600,070000,01,96,07,OFICINA,SERVICIO DE ATENCION AL USUARIO,RETENCIONES INDEBIDAS (JUDICIALES Y/O COACTIVAS)
9600,080000,01,96,08,OFICINA,SERVICIO DE ATENCION AL USUARIO,CANCELACION DE CUENTA
9600,150000,01,96,15,OFICINA,SERVICIO DE ATENCION AL USUARIO,"PROBLEM. CON TARJETA DEBITO / CREDITO (RETENIDA, DESACTIVADA, BLOQUEADA, ANULADA, CANCELADA)"
9600,180000,01,96,18,OFICINA,SERVICIO DE ATENCION AL USUARIO,"OPERACIONES EN CUENTA NO RECONOCIDAS (CONSUMOS,DISPOSICIONES,RETIROS,CARGOS Y ABONOS) "
9600,190000,01,96,19,OFICINA,SERVICIO DE ATENCION AL USUARIO,"DEMORA O INCUMPLIM.DE ENVIO DE CORRESPOND. (ESTAD. DE CTA., NOTAS DE CARGO, CRONOG. DE PAGOS, ETC.)"
9600,210000,01,96,21,OFICINA,SERVICIO DE ATENCION AL USUARIO,PUBLICIDAD ENGAÑOSA O INFORMACIÓN QUE INDUCE A ERROR
9600,270000,01,96,27,OFICINA,SERVICIO DE ATENCION AL USUARIO,DEMORA O INCUMPLIMIENTO EN LA DEVOLUCION DE DOCUMENTOS VALORADOS (TITULOS VALORES)
9600,280800,01,96,28,OFICINA,SERVICIO DE ATENCION AL USUARIO,PRCA - NO DISPENSÓ EFECTIVO Y/O VOUCHER
9600,290000,01,96,29,OFICINA,SERVICIO DE ATENCION AL USUARIO,ENTREGA DE BILLETES FALSOS
9600,300000,01,96,30,OFICINA,SERVICIO DE ATENCION AL USUARIO,FALLAS DEL SISTEMA INFORMATICO QUE DIFICULTAN OPERACIONES Y SERVICIOS
9600,330000,01,96,33,OFICINA,SERVICIO DE ATENCION AL USUARIO,DIFUSION DE INFORMACION DE OPERACIONES SIN AUTORIZACION DEL USUARIO
9600,340000,01,96,34,OFICINA,SERVICIO DE ATENCION AL USUARIO,ERROR EN LOS DATOS DEL USUARIO REGISTRADOS EN LA EMPRESA
9600,390000,01,96,39,OFICINA,SERVICIO DE ATENCION AL USUARIO,INADECUADA ATENCION AL USUARIO
9600,390001,01,96,39,OFICINA,SERVICIO DE ATENCION AL USUARIO,INADECUADA ATENCION AL USUARIO
9600,390002,01,96,39,OFICINA,SERVICIO DE ATENCION AL USUARIO,INADECUADA ATENCION AL USUARIO
9600,700003,01,96,03,OFICINA,SERVICIO DE ATENCION AL USUARIO,"COBRO INDEBIDO DE INTERESES,COMISIONES,PORTES,TARIFAS Y OTROS CARGOS  * general"
9600,700007,01,96,06,OFICINA,SERVICIO DE ATENCION AL USUARIO,TRANSACCION NO PROCESADA / MAL REALIZADA
9600,700010,01,96,03,OFICINA,SERVICIO DE ATENCION AL USUARIO,"COBRO INDEBIDO DE INTERESES,COMISIONES,PORTES,TARIFAS Y OTROS CARGOS  * general"
9902,030000,01,96,03,OFICINA,SERVICIO DE ATENCION AL USUARIO,"COBRO INDEBIDO DE INTERESES,COMISIONES,PORTES,TARIFAS Y OTROS CARGOS  * general"
9902,030000,01,999,03,OFICINA,OSPR - ONP,"COBRO INDEBIDO DE INTERESES,COMISIONES,PORTES,TARIFAS Y OTROS CARGOS  * general"
9902,060100,01,999,06,OFICINA,OSPR - ONP,TRANSACCION NO PROCESADA / MAL REALIZADA
9902,180000,01,999,18,OFICINA,OSPR - ONP,"OPERACIONES EN CUENTA NO RECONOCIDAS (CONSUMOS,DISPOSICIONES,RETIROS,CARGOS Y ABONOS) "
9902,270000,01,999,27,OFICINA,OSPR - ONP,DEMORA O INCUMPLIMIENTO EN LA DEVOLUCION DE DOCUMENTOS VALORADOS (TITULOS VALORES)
9904,030000,01,999,03,OFICINA,OSPR - PROGRAMA JUNTOS,"COBRO INDEBIDO DE INTERESES,COMISIONES,PORTES,TARIFAS Y OTROS CARGOS  * general"
9904,060100,01,999,06,OFICINA,OSPR - PROGRAMA JUNTOS,TRANSACCION NO PROCESADA / MAL REALIZADA
9904,180000,01,999,18,OFICINA,OSPR - PROGRAMA JUNTOS,"OPERACIONES EN CUENTA NO RECONOCIDAS (CONSUMOS,DISPOSICIONES,RETIROS,CARGOS Y ABONOS) "
9905,030000,01,999,03,OFICINA,OSPR - PROGRAMA PENSION 65,"COBRO INDEBIDO DE INTERESES,COMISIONES,PORTES,TARIFAS Y OTROS CARGOS  * general"
9905,180000,01,999,18,OFICINA,OSPR - PROGRAMA PENSION 65,"OPERACIONES EN CUENTA NO RECONOCIDAS (CONSUMOS,DISPOSICIONES,RETIROS,CARGOS Y ABONOS) "
